whitespace_ratio_avg,section_whitespace_avg_0,section_whitespace_avg_1,section_whitespace_avg_2,section_whitespace_avg_3,bbox_h_spacing_avg,bbox_v_spacing_avg,char_density_avg,block_density_avg_0,block_density_avg_1,block_density_avg_2,block_density_avg_3,line_spacing_avg,section_sep_avg,margin_left_avg,margin_right_avg,margin_top_avg,margin_bottom_avg,padding_avg
0.8610633633054566,0.9062826108562058,0.8440289792164036,0.8318058268481485,0.8622133341601298,90.6508875739645,1.0497041420118343,0.0,0.0,0.0,0.0,0.0,61.57142857142857,9.161702127659574,110.0,112.0,113.0,44.0,0.7907338097957273
0.8540530089389062,0.9034811830183366,0.8548765489515188,0.8077915232691533,0.8501472731218801,97.07381615598885,1.181058495821727,0.0,0.0,0.0,0.0,0.0,126.88888888888889,9.573991031390134,110.0,112.0,113.0,61.0,0.7832759925850806
0.8550009852216749,0.9119540229885057,0.8290903119868637,0.8338784893267652,0.8450811165845649,83.77985074626865,1.0099502487562189,0.0,0.0,0.0,0.0,0.0,37.22222222222222,9.735751295336788,97.0,97.0,125.0,74.0,0.7726316448620401
0.9010065639518743,0.9156388207914395,0.8925443627982926,0.8940289792164036,0.9018391054062154,95.95372948728848,1.4280981634214778,0.005016392953203251,0.0007063655948424625,0.0006864117644796811,0.0007023748287699063,0.0005946241448108866,98.1125,10.763546798029557,110.5,112.5,108.5,69.0,0.8127189106895254
0.8827527860736897,0.9090488396746783,0.8983350386010605,0.8540373505307,0.8696348660072966,90.22895557359507,1.2453617947677207,0.004590378674957867,0.00012371374824924486,0.00011573221610413228,0.00017958447326503284,0.00010375991788646342,72.44166666666666,8.883512544802867,110.0,108.5,114.5,84.0,0.7961410708850951
0.8834001601569104,0.8998147910420566,0.879695428848996,0.8751862875804834,0.8789321923541996,85.76506277752259,1.5569615104884398,0.0,0.0,0.0,0.0,0.0,114.875,10.972169374742904,106.5,110.5,91.0,52.5,0.797839668955979
0.8607950565382844,0.9063478325686174,0.8450841782159799,0.8330615239926001,0.8587645593691543,93.55604719764011,1.3982300884955752,0.0,0.0,0.0,0.0,0.0,41.61764705882353,10.24401913875598,110.0,109.0,113.0,61.0,0.762368898972659
0.8943147915607959,0.916311743221083,0.8890439132277101,0.8848143325168718,0.887126778904288,84.67420447360625,1.5031845373633224,0.004510563353506742,0.0006544856358992308,0.0005148088233597609,0.0006026056769559992,0.0005148088233597609,118.85,10.297498797498797,110.5,112.5,120.5,47.5,0.8072139515425518
0.8722622994652407,0.8926545454545455,0.8601411764705882,0.8539454545454546,0.8823080213903743,93.94285822226252,1.7096246259860368,0.0,0.0,0.0,0.0,0.0,126.72619047619048,10.758092485549133,108.0,99.5,96.0,84.0,0.7451814711598395
0.9165453513396986,0.9538784143048815,0.8971413511921371,0.9001431391395116,0.915082317923914,88.82700226299144,1.2831311404692536,0.008930336778862829,0.0006744394662620123,0.0013249343360886867,0.0011573221610413228,0.0010016822842116276,89.09239130434783,9.426160990712074,112.0,109.0,308.5,67.0,0.8348014757527353
0.8720574786504842,0.8957741506683673,0.8544595334800897,0.8662031438935913,0.8718336278795771,78.87344550781609,2.0163577582248022,0.0033791811719370347,0.0004429750340537477,0.000446965800126304,0.0002953166893691651,0.00048288269477931054,102.6969696969697,13.028936820003818,109.5,95.0,114.0,88.5,0.7508511590263494
0.8935676425140602,0.9155818812012391,0.8806188571605742,0.8863253030725824,0.8917821597990885,102.4594520329887,1.215256511324702,0.005311709642572416,0.0006943932966247937,0.0007861809162935882,0.0007382917234229128,0.000726319425205244,114.83333333333334,10.099552303996507,110.5,110.5,119.5,52.0,0.8138579096024158
0.9156568113472567,0.922121134319458,0.9065931851300655,0.9103396066515776,0.9235843694126644,89.60562710769894,1.8122892301069098,0.008141162788014822,0.0007702178520033632,0.0012131928860571108,0.0010495714770823031,0.0009378300270507271,218.0,11.187903225806451,111.0,110.0,116.5,148.0,0.8276512237652618
0.8736973034394446,0.9001942157658478,0.8593350489360163,0.8487623890284108,0.8865428538947281,82.51424287856072,1.3298350824587706,0.0,0.0,0.0,0.0,0.0,69.3,10.032863849765258,110.0,112.0,113.0,64.0,0.7925253552273411
0.8962522610919517,0.9206603750144937,0.874056676898273,0.874772372595831,0.9155613431308716,94.95235426388234,1.2816174132304283,0.004409796510174696,0.0003751320108202908,0.0007981532145112571,0.0006824209984071249,0.00043100273583607885,166.71666666666667,9.53487460815047,109.0,112.0,121.0,150.0,0.8146701360722743
0.9170598644611402,0.972844991800699,0.9038456370983577,0.8887390320280284,0.9029051561095092,85.33159722222223,1.25,0.007965569080822346,0.00031926128580450283,0.0013329158682337994,0.001564380300442064,0.0009178761966879456,35.0,10.93452380952381,109.0,112.0,425.0,58.0,0.8254943038646303
0.9048395721925133,0.9203010695187166,0.9069454545454545,0.8890016042780748,0.9031101604278076,95.62495340291831,1.3814625714488586,0.0050309054598270285,0.0006189344424638542,0.00043738033934112363,0.0007757311678880306,0.0006560705090116855,174.16666666666666,11.15239898989899,110.5,108.5,107.5,98.5,0.8211523231042464
0.8930008454965604,0.9144068692041867,0.8668171312454434,0.8775414811712452,0.9132744918588839,83.57158996274018,1.4932082933804915,0.0,0.0,0.0,0.0,0.0,97.45054945054946,12.249519828267992,113.5,109.5,127.5,188.5,0.7905632316229471
0.9048395721925133,0.9203010695187166,0.9069454545454545,0.8890016042780748,0.9031101604278076,95.62495340291831,1.3814625714488586,0.0050309054598270285,0.0006189344424638542,0.00043738033934112363,0.0007757311678880306,0.0006560705090116855,174.16666666666666,11.15239898989899,110.5,108.5,107.5,98.5,0.8211523231042464
0.898218034660685,0.9190267264083749,0.8767520334025776,0.888808792980498,0.9083201562645336,89.57992125984252,1.3393328520181396,0.004849778469674026,0.0005626980162304363,0.0007382917234229128,0.0006504948698266745,0.0005068272912146483,59.79166666666667,10.208204633204634,130.0,130.0,115.5,126.5,0.8129792580111093
0.8875630507978636,0.9019225911447549,0.874956851559028,0.8798685393606795,0.8935287673498074,82.19643230382457,1.4446190570139883,0.004712097040170834,0.00012770451432180113,0.000111741450031576,0.00012371374824924486,0.00013967681253947,119.125,9.30917675452038,109.5,110.5,79.5,107.5,0.8109542500398624
0.900066714813687,0.9236926670089944,0.8832532374249424,0.8914374890191094,0.901923852044771,100.00184986033047,1.3530832132784125,0.004665205538818298,0.0004589380983439728,0.0006744394662620123,0.0004629288644165291,0.0004429750340537477,63.08064516129032,10.666746411483253,114.5,104.0,107.5,82.5,0.8156978367230437
0.9215004965484583,0.9521293336204468,0.9042161452681404,0.912295497059705,0.9174133672319887,107.00483760880222,1.368728993050262,0.00876671536988802,0.0007781993841484757,0.0013887865932495874,0.0012850266753631238,0.0012810359092905676,167.0,9.313003748828491,112.0,107.5,296.0,78.5,0.841705537790661
0.9052027990754531,0.9297199814480462,0.8890764683388626,0.8882811934807098,0.9137754627476513,81.6232114735658,1.3876602924634422,0.004311025049878928,0.0003671504786751783,0.00043100273583607885,0.0004429750340537477,0.00033921511616728426,45.28947368421053,10.74408163265306,110.5,105.0,116.5,206.5,0.8148143398229346
0.9055654526345502,0.9453737100594657,0.8813578065089552,0.8915795946630287,0.9040187476100414,116.52109091506165,1.7250792243403446,0.007453753332017003,0.00031527051973194653,0.0006185687412462242,0.0003591689465300657,0.0004948549929969794,122.675,10.866054828786805,111.0,110.5,325.5,101.0,0.8012367482879958
0.912197192513369,0.9316914438502674,0.9098213903743315,0.9044764705882353,0.9027994652406417,93.10604188696345,1.5291816828157707,0.0,0.0,0.0,0.0,0.0,252.0,10.907894736842106,176.0,151.0,86.0,46.0,0.8221889055959828
0.89956202409798,0.9154343558993556,0.8834129124939283,0.894946723302225,0.9044812368875247,78.68153916876233,1.836569229243846,0.004008724519882789,0.0005148088233597609,0.0006305410394638931,0.0004709103965616417,0.0004589380983439728,264.5576923076923,11.511553420269962,111.0,112.5,98.5,66.5,0.81130651317714
0.8939149162536517,0.9185184111576751,0.8727606734257278,0.8893518949141681,0.895070742773282,95.26998326669217,1.3822182425111502,0.004972494526405131,0.0005986149108834428,0.0009178761966879456,0.0005986149108834428,0.0005148088233597609,86.76,11.244640352634743,110.5,110.5,120.5,103.5,0.8108821473634842
0.9107846396185184,0.9351354541087609,0.8987608387850226,0.8894542109777902,0.9198296799264151,101.14910858995138,1.6369529983792546,0.00815513046926877,0.00048687346085186684,0.0011972298217668856,0.0013488789325240245,0.0013169528039435742,186.33333333333334,10.224880382775119,111.0,93.0,115.0,65.0,0.8315443191161788
0.9019751048541813,0.9166414752116082,0.8878450583408262,0.8974012753335607,0.9060376812492895,88.65969128947609,1.4818476134415954,0.004221232813246411,0.0006065964430285554,0.0005387534197950985,0.0004908642269244231,0.0004549473322714165,170.2,11.24081898874174,109.5,107.0,133.5,77.0,0.8138855199916892
0.9053466456225931,0.9101912549071574,0.8929055695077461,0.9013135728976116,0.9169844665612501,100.62264658145668,2.54573189287888,0.0032065805392989754,0.0004589380983439728,0.00047490116263419795,0.0003112797536593903,0.0004389842679811914,151.75,13.328993933265926,111.0,71.0,99.5,164.5,0.7682324351843595
0.9055814786649593,0.9227205529144789,0.8928724976487975,0.8909073057803409,0.9158548558790397,92.05586752462767,1.9903877408869284,0.0039368907305767755,0.0004549473322714165,0.0006544856358992308,0.0005986149108834428,0.0004629288644165291,111.33333333333334,12.134506949908207,110.0,111.0,112.0,84.5,0.8065681891805194
0.922575274523316,0.9417616695101954,0.9229482528757015,0.9075507187961843,0.918073254167571,78.95541351010101,2.045770202020202,0.007924663728578644,0.0007382917234229128,0.0009059038984702768,0.0011054422020980912,0.001077506839590197,338.0,14.242071325174365,111.0,109.5,103.5,63.0,0.8324370145497186
0.8961135842320405,0.92240324410727,0.8778604574251492,0.87450159675069,0.9097339782345828,85.08943631622589,1.6115843479968577,0.0038630615582344843,0.00043100273583607885,0.0006744394662620123,0.0005347626537225423,0.0003671504786751783,51.33333333333333,11.678047745011593,110.0,109.0,138.5,131.0,0.8142457550750375
0.8965482256857977,0.9172621167447947,0.8815696731053442,0.8848670407920711,0.9025294804617658,94.69035624981235,1.6242306488069964,0.004644254016937377,0.0006265502733913368,0.0007382917234229128,0.0006704487001894559,0.000502836525142092,120.15178571428571,10.348150773957226,110.5,97.5,133.0,42.0,0.8156520489851133
0.9031395769024578,0.9251492852528531,0.8957094430492254,0.8922296633904856,0.8995075393503447,96.88295384810715,1.7947843705694395,0.004128447502059478,0.0004509565661988603,0.0005786610805206614,0.0005507257180127674,0.0005227903555048735,94.92857142857143,12.131914893617022,111.0,112.0,136.5,44.0,0.8116943813176698
0.8973473300891823,0.9115329587053387,0.8791156378218047,0.8905052759949978,0.9082596967723933,110.85147446203081,1.3728271781053523,0.004865741533964251,0.000921866962760502,0.0007582455537856942,0.0006225595073187806,0.0004589380983439728,137.91666666666669,10.006939459200765,109.0,84.0,88.5,86.5,0.8169332123675705
0.8688610610369462,0.906269152407613,0.8468421542182123,0.8559203794995814,0.8664765034777127,89.93026315789474,1.2473684210526317,0.0,0.0,0.0,0.0,0.0,54.23529411764706,10.39423076923077,110.0,112.0,113.0,36.0,0.7920587683138961
0.8799223823159475,0.9161072783289991,0.8483717276945814,0.8661747227648074,0.8890976549985015,99.57491856677524,1.4674267100977199,0.0,0.0,0.0,0.0,0.0,36.84,10.584615384615384,110.0,112.0,113.0,134.0,0.7915135209879381
0.9090747655676084,0.9213581438107701,0.9004821256937339,0.9064205913661778,0.9080591986275178,95.1065713101161,1.796455223880597,0.003991763764074425,0.0006504948698266745,0.0006544856358992308,0.0003551781804575094,0.0005467349519402111,129.95,11.881628787878789,107.5,110.5,114.0,82.0,0.8089597951410064
0.9211470191841924,0.9528850772722002,0.9069471573703738,0.9047432280201324,0.9200668671648116,111.39362691991822,1.3106052001607575,0.00863801316404808,0.0007502640216405817,0.0013768142950319185,0.0012770451432180113,0.001145349862823654,147.45,9.849801410391505,110.5,111.0,297.5,117.0,0.8375777413243319
0.8588350267379679,0.8872588235294118,0.8384171122994653,0.8668957219251336,0.842768449197861,83.03066625634713,1.411162156815334,0.0,0.0,0.0,0.0,0.0,138.575,12.263227513227513,110.0,110.5,99.0,57.5,0.7626508664147643
0.8818785919633076,0.9056904391181196,0.8681859051871144,0.8757857150239254,0.8778930125363016,93.47713803702797,1.4310328478977188,0.0,0.0,0.0,0.0,0.0,126.26666666666668,11.164916766401914,110.5,110.5,119.5,55.0,0.7924308505441857
0.9382800088711833,0.9380725016978351,0.9126835746545541,0.9418462365258012,0.960517367893426,92.27093963024933,2.040170626873437,0.0,0.0,0.0,0.0,0.0,158.0,12.779575298710517,109.0,111.0,86.0,525.5,0.8270486825037864
0.9040191991844302,0.9139906784714515,0.8889023243315868,0.8982688948831634,0.9149319443152575,87.82104348186013,1.5817000903716276,0.004540494099050914,0.0007183378930601314,0.0007343009573503566,0.0005507257180127674,0.0005347626537225423,64.7,11.734207650273223,110.0,110.0,86.5,126.0,0.8134385262048762
0.9140958242885346,0.924537961107154,0.9107126985603406,0.910393348422369,0.9107571388708027,81.86958090116089,1.5287207163313938,0.007784986916039174,0.0007981532145112572,0.0011692944592589915,0.0011493406288962103,0.0011972298217668856,135.125,12.755648984393924,109.5,112.0,86.5,61.5,0.8298322176877526
0.9111184721713151,0.9231341413923904,0.8944093055943116,0.9034436073130148,0.92350737399105,74.32267397594032,1.7404177751502612,0.004065592936416716,0.0004948549929969794,0.0007023748287699063,0.0005547164840853237,0.00042701196976352256,70.02777777777777,12.645523074094502,129.5,125.0,118.5,120.0,0.8146235647652327
0.9387191738012659,0.9630172185320767,0.9249144782397503,0.927026426482291,0.9399601070701433,65.72108799863037,2.277970381783941,0.005605030948905304,0.00047490116263419795,0.0010136545824292965,0.0006864117644796811,0.0006983840626973499,164.83333333333331,13.675375939849623,150.5,147.5,309.5,140.0,0.8295370711140226
0.9206570620770873,0.9634458183564956,0.9032503436372844,0.9021062640167841,0.9138989654709122,69.62035943659887,1.817113031890281,0.006846159197470308,0.0004549473322714166,0.001021636114574409,0.0011972298217668856,0.0010096638163567403,74.75,13.029610541158165,111.0,113.0,332.5,97.5,0.823488514036307
0.9040920486936287,0.9218775018910845,0.8773058147906999,0.8879180920293376,0.9292971885474909,90.58552035062462,1.5032910529993602,0.001759927837997322,0.00013568604646691372,0.00010642042860150094,6.917327859097562e-05,0.0,221.08333333333334,11.324781775601446,110.0,90.0,124.33333333333333,303.3333333333333,0.7899763686481136
0.8783949982242125,0.8989301568633947,0.8677647557333168,0.8614888537500387,0.8854313293853802,88.15455477170354,1.3718452435980402,0.010633228999958704,0.0011611857168544828,0.0015761799249399337,0.0016799284769612962,0.0015402669646248464,62.08971774193549,12.42,72.0,107.5,71.0,73.0,0.7838004278943973
0.8798446965846749,0.9068541837588776,0.8630658579841883,0.8684189843899464,0.8810859302692333,105.3563397336101,1.7393357550596782,0.004611959467332027,0.0006387479028549009,0.0007664974834258811,0.0007185913907117636,0.0005868496357479403,99.25,13.26808608058608,109.5,112.0,86.0,87.0,0.7664729291545362
0.8815513507617276,0.9012765856122973,0.8636984673260368,0.8761298690561085,0.8851341994026396,87.93111229160667,1.3680581068602238,0.01031200752158487,0.0010933501251482072,0.0016958897926568905,0.0018235803182216448,0.0012769052556475412,64.79086538461539,12.177055234425177,71.5,107.5,86.0,80.5,0.7869379794752268
0.9006049865084986,0.9312020103308669,0.8829251397293989,0.8810047517851511,0.9073068100402826,48.47419031679474,1.6247188079255674,0.00783070476861309,0.0008134761414625439,0.0011564121618830281,0.0012800286343601793,0.001084634855283392,87.46031746031746,12.856589147286822,102.0,62.5,236.0,135.5,0.7988862123032658
0.861785310126952,0.9012688211227244,0.8405729699562832,0.8316104961812338,0.8737564464287559,92.4185733512786,1.0524899057873487,0.0,0.0,0.0,0.0,0.0,106.14285714285714,9.883177570093459,108.0,89.0,113.0,79.0,0.7907444579687143
0.896318303846299,0.9175535439200941,0.8836991907729514,0.8716186607964117,0.9124381194514206,95.88720312957744,1.4104552434059663,0.004340955795423099,0.0004429750340537477,0.0007183378930601314,0.000614577975173668,0.0004549473322714165,109.55,10.571283585278564,80.5,80.5,117.0,155.0,0.8101829839112364
0.9241986855553253,0.9375522808964569,0.9124314017300716,0.9110180965078184,0.9358157897456567,94.4722319110181,1.7061727318528854,0.007490667918188148,0.0007023748287699062,0.0012810359092905676,0.0011653036931864352,0.0008300793430917074,133.72222222222223,10.674280368451353,111.5,111.0,114.5,211.0,0.8307510291762505
0.8943573122382522,0.9188807540044062,0.8763903099453281,0.8919697392490621,0.8902303661674883,93.88394153016795,1.4697283848227245,0.0051989705010227006,0.0008061347466563697,0.0007702178520033631,0.0005706795483755488,0.0006265502733913368,41.375,10.245022415611814,111.5,114.0,94.0,48.0,0.8180626562155355
0.9041150968825236,0.9131531488628646,0.893219235419961,0.9010510650172077,0.9090523878915657,94.62256262081698,1.5357388771861817,0.004124456735986921,0.000754254787713138,0.0007662270859308068,0.00027137209293382744,0.00043100273583607885,232.875,11.663261480787256,110.5,110.0,83.0,136.0,0.8140293859414975
0.895835196574772,0.9168216113696974,0.8799233146270631,0.8884129641687077,0.8982187703469444,81.5230776221972,1.5155399779529035,0.0044307479794270304,0.0005347626473706121,0.0007023748204270726,0.0005068272851945354,0.0006784302242761497,93.48888888888888,12.845851334884237,109.5,112.0,139.0,69.5,0.8067927888945664
0.8935081692969136,0.9135589919531943,0.8744711764675467,0.8878702798847989,0.8981665037926381,93.55721384099617,1.7526161398467432,0.0,0.0,0.0,0.0,0.0,62.3375,11.744980659421625,110.0,112.0,114.5,79.0,0.7978071086037675
0.8819434715380284,0.9138172715376588,0.8729069130520158,0.8598662656703769,0.8812379210202669,84.03448275862068,1.478448275862069,0.0,0.0,0.0,0.0,0.0,55.875,11.48663101604278,110.0,106.0,113.0,53.0,0.7916631361900863
0.8833426473864905,0.9090415928177437,0.8659194493535485,0.8708988311164853,0.8875546460794345,93.31594634873323,1.472429210134128,0.0,0.0,0.0,0.0,0.0,60.083333333333336,10.93298969072165,110.0,110.0,113.0,41.0,0.7955413041465514
0.9065485979032782,0.9283306554471518,0.8951761593236804,0.8860286898376378,0.9166961212910427,89.8592962868731,1.842279659368125,0.004055616021235325,0.0005108180572872045,0.000586642612665774,0.000754254787713138,0.0004908642269244231,186.91666666666669,12.582766479663395,110.0,110.5,120.0,78.5,0.812484382829964
0.8976759929547502,0.9109904797005185,0.8903838402629213,0.8858674645252638,0.9034849471367005,83.95284859624084,1.5687475972045943,0.003441038046061657,0.00014366757861202628,0.00015963064290225142,0.00011573221610413228,0.00013169528039435742,170.36666666666667,10.664021164021165,110.0,99.5,118.0,134.0,0.7939814281657063
0.909556192690786,0.916289485017641,0.893409915356711,0.9037588234686179,0.9247780568215876,85.84860958374063,1.4152793051482568,0.008441467934974684,0.0008620054716721577,0.0011972298217668856,0.0012371374824924485,0.0008181070448740385,117.95,10.380722337244077,130.5,116.5,118.5,130.5,0.8246627072561579
0.8730803361398439,0.9034890899899726,0.8429170479987176,0.8611899628233566,0.884777224523141,103.69647952853597,1.4510907775020678,0.0,0.0,0.0,0.0,0.0,53.41379310344828,12.221129141311696,106.5,108.0,100.0,110.5,0.7622019189186918
0.9020441176470588,0.9251459893048128,0.8821625668449198,0.8913016042780748,0.9095663101604279,76.06853974976875,1.9265554257338982,0.0,0.0,0.0,0.0,0.0,138.6,11.998396107406741,175.5,173.0,99.5,84.5,0.773125645665375
0.89823690401907,0.9042762667505921,0.8799703386765055,0.8981479758988828,0.9105633584472763,87.48973439887178,1.588741332706546,0.004446711096345841,0.0006864117644796811,0.0008779685359623828,0.0004349935019086351,0.00018357523933758914,68.375,10.438983050847458,122.5,89.0,98.0,87.5,0.8129870827489625
0.9092516981130124,0.9227003652415895,0.9037273018530576,0.9016303392966029,0.9089717752353786,88.33931688205585,1.736371063576946,0.004124456735986921,0.0005068272912146483,0.0007303101912778002,0.0005187995894323171,0.00042701196976352256,103.8,9.985169683257919,130.0,131.5,121.0,93.0,0.8153982537120308
0.9081072586027473,0.9323443789236553,0.9009845768007799,0.884045584045584,0.9150959256158773,79.21343132777811,2.00681146481128,0.004572752791470743,0.0006465041037541183,0.0006172384858887056,0.0007156773823450939,0.0005108180572872045,76.05555555555556,14.116761286834281,157.0,157.33333333333334,160.66666666666666,153.0,0.781771553010453
0.8500572109555882,0.8967225861954867,0.7833157851273793,0.811195755398654,0.9090744869730377,56.504559270516715,1.196048632218845,0.0,0.0,0.0,0.0,0.0,52.5,12.390728476821192,99.0,64.0,114.0,330.0,0.7231882247045655
0.8778637749316877,0.9225295314671431,0.8457270118502003,0.8387438581279161,0.9045310500020645,42.38844318626927,1.668687462165723,0.003240128170383714,7.970795007094008e-05,0.00018731368266670917,0.0001036203350922221,8.767874507803408e-05,117.66666666666667,15.65373154544223,111.0,88.0,139.5,261.5,0.7478207107826413
0.905611979819609,0.9265096238260091,0.8922012422617018,0.9056165317954918,0.8981562438636199,84.55480093381286,1.5569386081140766,0.00371739859658618,0.0003112797536593903,0.0004509565661988603,0.00027137209293382744,0.0005507257180127674,113.77142857142857,11.586543822070949,111.0,112.5,117.5,63.5,0.8105220239154073
0.9227454864753228,0.9548111883188948,0.9033113198772207,0.9179430337229612,0.9149712171477589,70.90321272488404,1.897438131753224,0.007188367388192009,0.00044696580012630393,0.0010535622431548594,0.0010735160735176408,0.0011852575235492169,139.35227272727272,12.139416460225709,111.0,107.0,303.5,72.0,0.8315870312200091
0.9104845392748894,0.9462210746881781,0.8921030601804484,0.9001601918167819,0.9035149185088726,102.08080808080808,1.4502164502164503,0.009272482085029671,0.0009737403179458747,0.0014925363889826111,0.0015563882131102095,0.0015484067350942596,59.666666666666664,9.497584541062801,89.0,84.0,59.0,20.0,0.8305464262842801
0.8842920604460509,0.905083256033526,0.8680784216455317,0.8744235678334832,0.8896185367769407,100.01512950947692,1.3201172117328506,0.0047729562227773175,0.0006465041037541183,0.0007861809162935882,0.0006584764019717871,0.0005626980162304363,48.44444444444444,9.696221632061807,107.5,96.5,78.5,76.0,0.8075420798052357
0.8473088934646364,0.8965749283596429,0.8289554460050228,0.8276367056294505,0.8361527093086948,69.27157001414427,1.4285714285714286,0.0,0.0,0.0,0.0,0.0,35.18181818181818,11.24083769633508,110.0,112.0,113.0,46.0,0.7366419095409147
0.8604921128666795,0.9036778834208478,0.8403435339348277,0.8456536342872497,0.8523672216537996,94.58690176322418,1.1171284634760705,0.0,0.0,0.0,0.0,0.0,155.14285714285714,9.375545851528384,110.0,108.0,113.0,54.0,0.7883250502445105
0.8961001430452457,0.9190205148167166,0.8929835984249527,0.8885964096363129,0.8838392294256865,76.89708737864078,2.0543689320388347,0.0,0.0,0.0,0.0,0.0,65.5,13.54375,110.0,112.0,113.0,34.0,0.7901901926908247
0.8667580322722895,0.9114755014824999,0.8452567719798675,0.8384749739042363,0.8719013218408623,106.1671270718232,1.2196132596685083,0.0,0.0,0.0,0.0,0.0,40.083333333333336,10.291866028708133,108.0,64.0,113.0,40.0,0.7842448053534117
0.8679969478166601,0.905926479601133,0.8562200932213024,0.8456329643754069,0.8642730908752674,101.41611624834874,1.2179656538969617,0.0,0.0,0.0,0.0,0.0,140.33333333333334,9.880184331797235,106.0,109.0,113.0,57.0,0.7887806743078031
0.9002987045280774,0.9246766866541882,0.8812007151789498,0.8967393214067942,0.8986197666366953,80.75698753782245,1.5215139237909636,0.004117472895359947,0.0005706795483755488,0.0006864117644796811,0.00034320588223984055,0.0005467349519402111,66.7487684729064,11.225787070415766,110.5,104.0,85.5,72.0,0.8076899151921542
0.7845159899048055,0.8036304141376606,0.7648282340311325,0.7825705024980387,0.7870305106263705,103.86387434554973,1.006282722513089,0.0,0.0,0.0,0.0,0.0,97.6,8.242753623188406,87.0,90.0,31.0,17.0,0.7308818865407957
0.9182054671510319,0.9740469347865697,0.9091309335565684,0.8887721038869769,0.9009673518742443,101.44460227272727,1.1633522727272727,0.008097264361216704,0.00028733515722405257,0.0009418207931232834,0.0013488789325240245,0.0011413590967510976,74.66666666666667,9.481865284974093,111.0,111.0,422.0,62.0,0.8354866170648398
0.9129013680543313,0.9693468304318299,0.8765520520054982,0.8871536497896837,0.9186494279601898,115.33204633204633,1.6023166023166022,0.006427128759851898,0.00014366757861202628,0.0003831135429654034,0.0005267811215774297,0.00027935362507894,61.333333333333336,12.140845070422536,149.0,151.0,415.0,174.0,0.7972381308991278
0.8586256684491979,0.8864213903743315,0.8384171122994653,0.8668957219251336,0.842768449197861,83.38966017563956,1.4090394370806743,0.0,0.0,0.0,0.0,0.0,170.75,12.1504329004329,110.0,110.5,99.0,57.5,0.762507670517004
0.8912375352378805,0.9198642560169619,0.8893033206213375,0.8705448588761768,0.8852866400024804,86.89648187179324,1.181092589044304,0.005064282146073926,0.0004988457590695357,0.0005826518465932177,0.0007622363198582506,0.0005307718876499859,97.9090909090909,10.712036474164133,111.5,111.5,95.0,63.0,0.8088040221453361
0.9020061229775538,0.9244566927829587,0.8838759185192075,0.8979650471790738,0.9017652104713774,83.17484609775632,1.499335381378725,0.00426513124004453,0.00042302120369096626,0.0005906333787383302,0.0004669196304890854,0.0005187995894323171,197.5,11.50686274509804,111.0,110.0,110.5,65.5,0.8116343730165645
0.9040610736509831,0.9269232123039208,0.8926575305656321,0.8961889850039789,0.9005136473092943,93.61341448260586,1.4848804101766158,0.004162369013676206,0.00042302120369096626,0.0006225595073187806,0.00048687346085186684,0.0005666887823029925,109.29166666666666,10.85802752293578,110.5,111.5,120.5,54.5,0.8113036035367704
0.8951960939911174,0.906924475327558,0.8977650657819944,0.8829721266238799,0.8931427567461425,74.89214008367165,1.368221579501331,0.004676180145517827,0.000502836525142092,0.0006065964430285554,0.0005547164840853237,0.0006504948698266745,43.920833333333334,10.92129491760969,114.5,115.0,56.0,46.0,0.8105691279392142
0.8718481063177197,0.905064103625913,0.8550243388211949,0.8549137547928358,0.872447007513513,77.95945945945945,1.5045045045045045,0.0,0.0,0.0,0.0,0.0,33.148148148148145,11.145833333333334,110.0,111.0,113.0,61.0,0.7790926849668923
0.8738543185372729,0.903048318126445,0.8578285531098598,0.8622654484723451,0.8723248587132435,101.00484764542935,1.4171073617056997,0.0,0.0,0.0,0.0,0.0,78.55357142857143,11.57075416200953,110.0,79.0,115.5,70.5,0.7674970259656089
0.9083728512841245,0.9198875494856802,0.8980027697681869,0.9069233869717546,0.9086973821556651,75.48245892951775,1.7923158452570218,0.007743083872277333,0.0007702178520033632,0.0010934699038804222,0.001089479137807866,0.0010176453485018528,99.83333333333333,13.169444444444444,111.0,106.0,86.0,70.5,0.8276556118346355
0.9031318223716147,0.948355274055424,0.8709592906086255,0.8986492212610713,0.8946408086069513,87.81170292254657,1.3026262163125986,0.008002483666993491,0.0001077506839590197,0.00026339056078871485,0.00021550136791803943,0.0002554090286436023,105.78030303030303,8.384775498067203,109.5,113.0,293.5,80.5,0.8169166038577351
0.917499417117765,0.9520340892150205,0.8971832077636188,0.9032229560040926,0.9176164491158445,88.59743378481572,1.3978336883565774,0.00834868262378775,0.0005507257180127674,0.0011293867985334289,0.0011493406288962103,0.0011573221610413228,185.0,9.729496738117428,115.5,110.5,290.5,102.5,0.8319513703046784
0.873266926977651,0.9084887611601596,0.8519837947891152,0.8468896950154507,0.8857656652094379,86.16973684210527,1.2210526315789474,0.0,0.0,0.0,0.0,0.0,29.725,9.990654205607477,110.0,85.0,113.0,54.0,0.7895234313689449
0.866855739360913,0.9076916068973514,0.8482652776485908,0.8379819965067848,0.8735538812926963,90.84065934065934,1.3173076923076923,0.0,0.0,0.0,0.0,0.0,34.05555555555556,11.025773195876289,83.0,81.0,113.0,61.0,0.7863773171828822
0.8963939105220196,0.9219591153037054,0.8723844810301884,0.8879840634979692,0.9032916834609701,101.12671971286728,1.3137508263051185,0.0046432563254192386,0.0005946241448108866,0.0007742086180759194,0.0005626980162304363,0.0005547164840853237,89.62280701754386,11.000968357883252,111.0,109.5,105.5,98.0,0.8124125216104741
0.9174234227155023,0.9558045253515761,0.9000382393369093,0.9034684112072262,0.9104481236887525,105.86292560474669,1.2740940209949794,0.009056045910148351,0.0006544856358992308,0.0015643803004420638,0.0014087404236123688,0.0014646111486281569,70.41883116883116,9.127582282913165,105.0,111.0,289.0,65.0,0.8385230711384434
0.8686514302198203,0.9018558165344288,0.852223565766492,0.8431288045556485,0.8774542936574375,80.09311224489795,1.1441326530612246,0.0,0.0,0.0,0.0,0.0,74.66666666666667,11.120418848167539,110.0,112.0,113.0,77.0,0.7849548602488698
0.8995094225304274,0.9263558869324676,0.8817923914054506,0.9013326925660663,0.8886026106098657,82.71965830660056,1.4481639447846797,0.004431745723573755,0.0004629288644165291,0.00048687346085186684,0.0006265502733913368,0.0005307718876499859,135.4,10.657473420888056,111.0,98.5,147.0,28.5,0.8088382615895651
0.9014250501330419,0.9229716047439995,0.8979113054082823,0.8799450180344981,0.9049091040626711,90.59720444011168,1.3300621320375794,0.004330978880241709,0.0005626980162304363,0.0005307718876499859,0.000642513337681562,0.0005267811215774297,135.91666666666666,10.972197705207414,110.5,102.5,118.5,108.5,0.8091773094109844
0.904606217169255,0.9436587931291514,0.8844975661178804,0.8905926063725338,0.8997426595975568,101.02257766092121,1.0813467718375693,0.009630716224596457,0.0007662270859308068,0.0016042879611676266,0.0015484172361518388,0.0011852575235492169,166.73636363636362,9.28231998092513,100.0,79.0,307.0,102.5,0.8294452866432513
0.9168808858548606,0.9336884369639261,0.9009829318359264,0.9195712535095475,0.9133096519666393,69.19960861056751,1.3620352250489236,0.0,0.0,0.0,0.0,0.0,115.0,10.623115577889447,110.0,110.0,114.0,86.0,0.7943829744199961
0.9181565019564878,0.9337112265784916,0.9035382443730902,0.9219900620989551,0.9134130640482727,73.69338677354709,1.3947895791583167,0.0,0.0,0.0,0.0,0.0,117.2,10.465346534653465,110.0,110.0,114.0,86.0,0.7948789027627277
0.8981780570752854,0.9217808633534711,0.8825797177884293,0.8667876588021779,0.921604335034462,91.855,1.2966666666666666,0.0,0.0,0.0,0.0,0.0,247.75,9.457399103139014,0.0,1.0,115.0,92.0,0.7729995280584785
0.9003102912889542,0.9036154687616538,0.8904959126374734,0.8939881386342367,0.9131472949984747,84.77007299270073,1.3886861313868613,0.0,0.0,0.0,0.0,0.0,135.0,9.723981900452488,110.0,109.0,114.0,51.0,0.7734806818492483
0.9140883282420531,0.9346447383677594,0.8997752147087092,0.9013487117477443,0.9206197873066071,87.52364549627512,1.8979042817367748,0.0032764189455687103,0.000446965800126304,0.00041903043761840997,0.0003591689465300657,0.0003711412447477346,158.58333333333331,12.146962081454653,114.0,135.0,138.5,180.5,0.8127632394342862
0.8799223823159475,0.9161072783289991,0.8483717276945814,0.8661747227648074,0.8890976549985015,99.57491856677524,1.4674267100977199,0.0,0.0,0.0,0.0,0.0,36.84,10.584615384615384,110.0,112.0,113.0,134.0,0.7915135209879381
0.8740154976883744,0.9137385913766544,0.8589464545933712,0.8554759763949606,0.8679688711127647,92.03776223776224,1.2937062937062938,0.0,0.0,0.0,0.0,0.0,66.16666666666667,11.09375,110.0,112.0,113.0,70.0,0.7883956111018651
0.8514996119095781,0.9020139803926444,0.832622375272103,0.8319150366337299,0.8395334046876697,103.88849347568208,1.0688018979833926,0.0,0.0,0.0,0.0,0.0,102.0909090909091,10.502463054187192,110.0,110.0,114.0,63.0,0.7607177038425236
0.8726289875736228,0.9065352155836411,0.8577041928916174,0.8583077543174278,0.8680267468659246,112.7147102526003,1.4903417533432393,0.0,0.0,0.0,0.0,0.0,157.0,10.653465346534654,110.0,105.0,113.0,38.0,0.7904686435485909
0.8655873565993384,0.901264680061619,0.8538451203505617,0.8502433882119492,0.8570572246509368,101.15870967741935,1.1458064516129032,0.0,0.0,0.0,0.0,0.0,37.470588235294116,9.662162162162161,110.0,91.0,113.0,51.0,0.788682628095467
0.8740553042800357,0.9117601994335028,0.8618950175177503,0.856290370921568,0.86634008205955,103.71350613915416,1.2728512960436562,0.0,0.0,0.0,0.0,0.0,95.2,11.397849462365592,110.0,109.0,113.0,76.0,0.7942735975162425
0.8885218985366167,0.9630834755097646,0.8597928874833349,0.868153866823758,0.8631848200167427,90.91193181818181,1.1647727272727273,0.0,0.0,0.0,0.0,0.0,209.75,10.64,110.0,112.0,425.0,26.0,0.7971723859380201
0.8881579525557124,0.9168485282668831,0.8745222666625326,0.8765592864746432,0.8847507725379551,82.45521292217327,1.6167400881057268,0.0,0.0,0.0,0.0,0.0,119.5,12.344827586206897,110.0,112.0,113.0,53.0,0.7919927048345974
0.8368592976831838,0.900081736539337,0.8088671985952953,0.8207916957161671,0.817804632426989,95.04114713216957,1.0498753117206983,0.0,0.0,0.0,0.0,0.0,31.4,11.171875,111.0,98.0,114.0,56.0,0.7479975817140712
0.8453005107895862,0.9080791255417713,0.8071767984653647,0.8201043427903681,0.8459490902322119,93.21525215252153,1.0947109471094711,0.0,0.0,0.0,0.0,0.0,95.0909090909091,10.766497461928934,106.0,102.0,114.0,61.0,0.7434647315384595
0.8880434439835956,0.9647854516241242,0.8526865717917713,0.8516272388098265,0.8832056966277039,88.63914780292943,0.9134487350199734,0.01022528383663761,0.0004230601431239604,0.0018917972437807286,0.0017082051061986325,0.0015405775023193274,96.57142857142857,9.966480446927374,98.0,99.0,424.0,115.0,0.8006712375903482
0.8708834426808344,0.9126588096933959,0.8618908835353817,0.8465496749656363,0.8625058134127058,99.88789808917197,1.045859872611465,0.0,0.0,0.0,0.0,0.0,60.13333333333333,9.893518518518519,110.0,112.0,113.0,58.0,0.7927272987642965
0.8847159747988087,0.92728607278329,0.8677435690736779,0.8594590684070732,0.8844479583294578,119.41912632821723,1.062573789846517,0.010860796886554213,0.0006943886306303263,0.0014765735249035673,0.0019873881497350717,0.0015084994389555364,108.92307692307692,7.641577060931899,110.0,111.0,115.0,64.0,0.8048702237830193
0.8790675745326731,0.9141071458150436,0.8597711840758999,0.867678458851373,0.8747734060914231,107.7406340057637,1.4495677233429394,0.0,0.0,0.0,0.0,0.0,111.45454545454545,11.401069518716577,110.0,111.0,113.0,53.0,0.7925169880929298
0.8339596089627512,0.9032601044442233,0.8076307538263745,0.8067970745298352,0.8181985508966937,179.22428748451054,1.681536555142503,0.0,0.0,0.0,0.0,0.0,94.25,14.775229357798166,165.0,164.0,170.0,76.0,0.6940442952401504
0.8307160068508695,0.8976681684914942,0.8151975526824378,0.7999090523878916,0.810203701981211,108.07180020811654,0.7159209157127991,0.0,0.0,0.0,0.0,0.0,34.857142857142854,8.347490347490348,109.0,107.0,113.0,34.0,0.7616915958259425
0.8866906417112299,0.9210438502673797,0.8756834224598931,0.8680737967914438,0.8819614973262032,83.81481481481481,1.2083333333333333,0.0,0.0,0.0,0.0,0.0,106.25,11.951807228915662,176.0,173.0,108.0,55.0,0.7860733787754635
0.8893756723824452,0.9619829885209786,0.851389534823634,0.8610630535660765,0.8831912276894139,96.09443725743856,0.9805950840879689,0.010037672408066843,0.00038307157669426235,0.0018834352520801232,0.0017557447265153692,0.0016998801215807892,73.07142857142857,10.32183908045977,109.0,104.0,428.0,90.0,0.7862786090313203
0.8986348406935032,0.927145276705703,0.8839322440289792,0.8850990605525068,0.8984115172748788,120.4407894736842,1.1565789473684212,0.0098412291349238,0.0005267811215774297,0.0017798816683601032,0.0017080478790540902,0.0017160294111992027,58.25,8.826446280991735,111.0,113.0,115.0,61.0,0.828589907253815
0.875194703345253,0.9072650776034851,0.86685166237766,0.854403207970318,0.8723136865821267,88.09883720930233,1.5159883720930232,0.0,0.0,0.0,0.0,0.0,115.6,10.381642512077295,106.0,110.0,113.0,44.0,0.7952077284113037
0.9005745073417313,0.9729795762866277,0.8770336609514361,0.872089418038632,0.8803191434388532,98.6472081218274,0.983502538071066,0.009859187582250304,0.0003591689465300657,0.0015484172361518388,0.0016841032826187526,0.001636214089748077,48.75,7.28515625,60.0,58.0,425.0,18.0,0.8276283672256666
0.9191106793847865,0.9743305974722963,0.9061844376233735,0.8880011161752395,0.9080209592906087,113.84857571214393,1.272863568215892,0.008398567199694703,0.00027935362507894,0.001636214089748077,0.0016601586861834147,0.0014286942539751503,170.25,10.005524861878452,119.0,107.0,425.0,81.0,0.8317782378617489
0.8977141193980623,0.920868463335045,0.887207391560475,0.8930693785591004,0.8897508242127348,116.38788659793815,1.0876288659793814,0.009418207931232834,0.0007103563609150188,0.0016841032826187526,0.0013887865932495874,0.0006624671680443434,65.6875,8.706122448979592,111.0,112.0,115.0,66.0,0.8282311200596002
0.8860696573996577,0.9568066621391065,0.8658460711665065,0.852786820864209,0.8689599933856282,72.81175059952038,0.9268585131894485,0.01038084069552212,0.0004548974973244365,0.001819589989297746,0.0021308356453618345,0.0017796867000587605,132.57142857142858,10.638418079096045,87.0,87.0,412.0,24.0,0.7941573578676091
0.8850739756393998,0.9176891636712992,0.8745997788319433,0.8646368813237012,0.88342583118883,88.30155979202773,1.5892547660311958,0.0,0.0,0.0,0.0,0.0,207.16666666666666,13.35625,110.0,111.0,113.0,65.0,0.7900652837445095
0.9418390701141408,0.9580308529945554,0.939580974245221,0.9304419315308607,0.9393301999472599,45.65955766192733,0.8554502369668247,0.0,0.0,0.0,0.0,0.0,85.375,6.3698224852071,52.0,51.0,57.0,24.0,0.39379388121700915
0.8977217446867247,0.9158619204584983,0.8879732117942517,0.8811676433200013,0.9059152120216207,79.95486358843547,1.6652565648657351,0.004151394406976676,0.0005267811215774297,0.0006624671680443434,0.00055870725015788,0.0005427441858676549,69.125,13.384448704058672,110.5,110.0,118.5,126.5,0.8107232494326209
0.8775127910986258,0.9115179473588312,0.8616996868508355,0.8647412643785074,0.8721503942785684,96.00976290097628,1.2524407252440726,0.0,0.0,0.0,0.0,0.0,177.0,10.959390862944163,109.0,112.0,113.0,36.0,0.792231347338828
0.8912281005586882,0.916040503718673,0.882607302679854,0.8798292665281782,0.8864777436724232,97.81019039463658,1.654645218667214,0.0036834770849694517,0.00013169528039435742,0.00012371374824924486,0.00013967681253947,0.00012371374824924486,88.0,12.645582706766918,96.5,97.5,100.0,122.5,0.7916405758652241
0.8787579102676709,0.9057665311159331,0.8708926301429325,0.8550284728035635,0.883390175590901,70.49364478114478,1.5689814814814815,0.003551781804575094,0.00019953830362781427,9.976915181390713e-05,0.00020751983577292683,5.187995894323171e-05,138.33333333333334,12.330604178430265,110.5,112.5,99.0,136.5,0.7622755191885233
0.8501243315508021,0.9121433155080214,0.832807486631016,0.8237187165775401,0.831827807486631,109.82304526748972,1.3689986282578874,0.0,0.0,0.0,0.0,0.0,191.8,9.453271028037383,110.0,91.0,114.0,23.0,0.753063073492124
0.9060786733341846,0.9361448377532259,0.894155582426441,0.9012836015254395,0.8927820667844851,109.0548128342246,1.108288770053476,0.009168785051698066,0.00043100273583607885,0.0012052113539119983,0.0014366757861202627,0.0012211744182022233,157.0,9.605381165919283,111.0,97.0,115.0,60.0,0.8306107845225608
0.9120606476687554,0.9561425394643124,0.8958494817019605,0.8975702518628759,0.8987556713070619,81.89033367413327,1.296900269541779,0.008823583786421948,0.0006265502733913368,0.001328925102161243,0.0010296176467195217,0.0012930082075082365,47.609848484848484,9.141921986772843,111.5,79.5,320.5,56.5,0.8340376575883617
0.8754834224598931,0.9081818181818182,0.8546620320855615,0.8687336898395722,0.8703561497326203,97.10733452593918,1.5992844364937389,0.0,0.0,0.0,0.0,0.0,389.0,12.605095541401274,98.0,100.0,114.0,83.0,0.7575584219580832
0.8942643871103154,0.9253480561859171,0.8883933277524572,0.8766057937762896,0.8867635052036502,100.99773134571521,1.4289324698598893,0.004747016243305702,0.0006185687412462242,0.0006904025305522374,0.0007781993841484757,0.0006065964430285554,234.7,10.835463582876852,84.0,83.0,110.5,60.5,0.8114001185048081
0.8723071745436329,0.9127385251196767,0.8488843415082835,0.8532890997219897,0.87438584524437,78.62376237623762,1.3663366336633664,0.0,0.0,0.0,0.0,0.0,36.75,10.485294117647058,84.0,82.0,113.0,62.0,0.7883855336838438
0.9057896878180973,0.9287059391098376,0.8980441095918725,0.8891999710621235,0.9072479045876869,78.35171188663325,1.4785175509042299,0.004311025049878928,0.0005746703144481051,0.0006504948698266745,0.0003871043090379597,0.0006744394662620123,197.54166666666666,11.600924405522107,114.5,115.5,135.0,88.0,0.8118242982497914
0.896395978396911,0.9111209231253417,0.8843709629078431,0.8873066071373206,0.9028105912628284,91.32851535668728,1.2939718051875837,0.004835810788420079,0.0006345318055364494,0.000782190150221032,0.0006544856358992308,0.00055870725015788,99.87272727272727,10.30428166286228,111.0,110.0,107.5,79.5,0.8091981872220504
0.9016658283157211,0.9242454986665782,0.8866901270166083,0.8916710590229333,0.90409522628386,79.86051582385403,1.5620824417164094,0.004269122006117086,0.0005267811215774297,0.0007223286591326877,0.0005946241448108866,0.0004509565661988603,114.9047619047619,10.413363171355499,110.5,106.5,124.5,104.0,0.8136346930110625
0.8881964667255666,0.9113140000993855,0.8705329736768672,0.8727115823851012,0.8982668278919791,69.96084828711255,1.629690048939641,0.0,0.0,0.0,0.0,0.0,30.31578947368421,11.806629834254144,110.0,112.0,113.0,63.0,0.7890821870734689
0.8686744353279883,0.9116690960891819,0.848764456019595,0.8556847425045733,0.858652941845203,88.1443736730361,0.9426751592356688,0.0,0.0,0.0,0.0,0.0,183.0,8.602409638554217,110.0,112.0,113.0,58.0,0.7964511348749918
0.9012743537503238,0.9212980984247403,0.8885917589061483,0.8964132535474736,0.8988285327463079,89.0964392258854,1.4960776932770234,0.004859755384855417,0.0004509565661988603,0.0007183378930601314,0.0006744394662620123,0.0005347626537225423,78.36956521739131,11.292351837545525,109.5,110.0,120.0,70.0,0.8141799555794424
0.878469700204668,0.9171570373192427,0.8719168242747445,0.845815893095216,0.8790551783296644,73.31550802139037,1.3770053475935828,0.0,0.0,0.0,0.0,0.0,71.92857142857143,11.740540540540541,110.0,109.0,113.0,29.0,0.7903865355185677
0.8975507572816337,0.9179453918272018,0.8865366529211753,0.8874295931127854,0.8983262538885272,101.23186883482904,1.1209189349551287,0.005080245210364151,0.0006185687412462242,0.000754254787713138,0.0007662270859308068,0.0006824209984071249,74.50396825396825,10.162613283131211,110.5,112.5,107.0,61.5,0.8157059821009784
0.8944042271498531,0.9126070464295771,0.8828465569094348,0.8839870192953627,0.8982074018954309,76.3415372985894,1.4497103433512761,0.004578406376740198,0.0005148088233597609,0.0006943932966247937,0.0005307718876499859,0.00047490116263419795,103.5340909090909,10.990107822195096,108.5,85.0,96.0,55.5,0.8081511543417681
0.9001504637467929,0.9206319052193934,0.8827122024824564,0.8908830186339256,0.9064097396624604,98.7661743569829,1.3636753119849057,0.004768965456704761,0.0004669196304890854,0.0006664579341168997,0.000586642612665774,0.000586642612665774,84.9121212121212,10.112798020692757,111.0,111.5,110.0,88.0,0.8161188262454755
0.8824733644789756,0.9171166619734641,0.8698301966742111,0.8631693175828605,0.8798365009973232,87.65052950075643,1.367624810892587,0.0,0.0,0.0,0.0,0.0,274.2,10.568627450980392,110.0,104.0,113.0,41.0,0.787171149009314
0.8768621859608872,0.90337455069487,0.8554615074566707,0.859354685352267,0.8893033206213375,68.78560490045942,1.457886676875957,0.0,0.0,0.0,0.0,0.0,101.18181818181819,10.94818652849741,95.0,67.0,113.0,88.0,0.786581278536971
0.9090168650706464,0.9249945130940352,0.9018039665560826,0.9024168294422225,0.9068794634090885,99.26566863088601,1.7518155757286191,0.004083551383743219,0.0006185687412462242,0.0007063655948424625,0.0005108180572872045,0.0005746703144481051,165.875,11.72953128746104,107.0,108.5,107.5,51.5,0.8177091035743476
0.905283316954041,0.9259102052309884,0.9014603292716956,0.8986776423898553,0.8951203505617049,76.82809714795009,1.86288435828877,0.003938886113613054,0.0004948549929969794,0.0004509565661988603,0.000502836525142092,0.0005547164840853237,125.125,13.286177147239265,114.5,108.5,118.0,53.5,0.8108635471674772
0.9046634714553135,0.9253278685130277,0.8945601959507643,0.8982637274052026,0.9005374177079135,92.26008530073403,1.540745572683334,0.0047160878062433905,0.000586642612665774,0.0007023748287699063,0.0005387534197950985,0.0006584764019717871,82.06490384615384,10.64695406534021,130.0,131.0,102.5,76.0,0.8155604631044746
0.8993131036579156,0.9165182786437197,0.8849150983371056,0.8948676608894263,0.9009807873169421,73.25930029847592,1.5460722681528831,0.004395828828920748,0.0006465041037541183,0.0007103563609150188,0.0004589380983439728,0.0006345318055364494,78.11666666666667,11.808631947762382,110.5,112.0,116.5,120.5,0.8109202143038015
0.9229193172083896,0.9597255925858442,0.9005363842123213,0.9170376915842454,0.9144405171611942,131.78559652278176,1.5348811859603226,0.007335028041358453,0.0004908642269244231,0.0014286942539751503,0.0011134237342432037,0.001105442202098091,129.125,10.752698412698411,110.0,102.5,320.5,86.0,0.807778859796408
0.925013299020396,0.9628024009872289,0.9092461683150921,0.907328517243874,0.9207407062908877,85.77605999516643,1.4009708394489735,0.00790670528125214,0.00042302120369096626,0.0013209435700161304,0.0011772759914041042,0.0012371374824924485,177.95,10.13143879504036,115.0,116.5,328.5,57.5,0.8328871409420026
0.9166390519207197,0.9761392059101224,0.8825897332547876,0.889950288862018,0.91797868932089,135.49078726968173,1.1926298157453936,0.007899721440625167,0.00026339056078871485,0.001356860464669137,0.0015963064290225142,0.0012371374824924485,109.28571428571429,9.352331606217616,110.0,94.0,436.0,77.0,0.8041282694295182
0.9237978609625668,0.9618791443850268,0.9128053475935829,0.9049240641711229,0.9155828877005348,102.98852567632684,1.181726268327941,0.008115262098105236,0.0004126229616425695,0.0012089852776127285,0.0012254901960784314,0.0010604410114214036,109.75,10.018617021276595,146.5,151.0,344.5,81.0,0.8351547327969414
0.9221494652406417,0.9720887700534759,0.9035475935828877,0.9006502673796791,0.912311229946524,71.39324116743471,1.087557603686636,0.009174671552122532,0.00034660328777975837,0.0013038885587905195,0.0014689377434475475,0.0009242754340793557,187.0,10.339285714285714,151.0,150.0,409.0,37.0,0.8328644672694215
0.883311629263118,0.9077387114674265,0.8672356059901405,0.8699206275385235,0.8883933277524572,96.55119409465914,1.2181719496309162,0.00429705736862498,7.981532145112571e-05,0.00012770451432180113,0.00015963064290225142,0.00012371374824924486,108.8,9.3203125,110.5,98.5,125.0,125.5,0.7918631945983126
0.8972369572668484,0.9231786577992744,0.8847187341745988,0.8869247305160244,0.8941700513647309,92.81011904761905,1.4952380952380953,0.004357916551231464,0.0005307718876499859,0.0006225595073187806,0.0005347626537225423,0.0005148088233597609,164.81666666666666,11.309397163120568,107.0,104.5,105.5,55.0,0.8106112565005545
0.9025001336898395,0.9180689839572193,0.8934299465240642,0.9007449197860963,0.8977566844919787,92.24605354017119,1.7364021775786482,0.004428475935828877,0.00026407869545124445,0.000243447547369116,0.0002393213177526903,0.0002517000066019674,185.15,11.414941381890745,70.0,69.0,94.0,61.0,0.8136595217238479
0.8828298144133981,0.9117570936376738,0.8624438036771773,0.8741202368771898,0.8830475718021062,77.42225609756098,1.6097560975609757,0.0,0.0,0.0,0.0,0.0,112.14285714285714,11.333333333333334,110.0,112.0,113.0,58.0,0.7903143724497005
0.9087599316153774,0.9217225571880538,0.8965481247222481,0.9059074608046797,0.91088374208084,69.6245283018868,1.8735849056603773,0.0,0.0,0.0,0.0,0.0,229.5,12.587209302325581,110.0,112.0,113.0,41.0,0.7928048576286066
0.9121767071470409,0.9256436244223221,0.9046946537273018,0.9050305397947478,0.9133610310152027,85.97200746268656,2.0812611940298504,0.003397139619263538,0.0005068272912146483,0.00039508584118307224,0.0004589380983439728,0.000502836525142092,94.94444444444444,13.930969420949904,109.5,109.5,121.0,83.5,0.8128731050663489
0.8651148471866303,0.8897225074953206,0.8349951942454965,0.8380646761541563,0.8977190752281442,100.7681755829904,1.2345679012345678,0.0,0.0,0.0,0.0,0.0,114.0,9.658878504672897,62.0,64.0,113.0,134.0,0.7688050122594321
0.9016199473415659,0.9178532532176045,0.8788815510701847,0.8857506795233518,0.9240220547959364,91.90286525057167,1.4219646251756344,0.003335260333616639,9.976848141240321e-05,0.0001277036562078761,0.00012371291695137998,7.582404587342643e-05,82.15546218487395,11.083355724735036,109.5,100.5,136.5,159.0,0.7896264247344658
0.8922041375074767,0.9140667704692651,0.884874275261216,0.8742623425211091,0.8956505338004734,98.406988681031,1.370623726329769,0.004787921595549404,0.0005906333787383302,0.0006864117644796811,0.000642513337681562,0.000502836525142092,66.34313725490196,10.100165343915343,110.5,109.5,120.0,63.5,0.8067784423767428
0.911899482669399,0.9274035753921586,0.9018535743445054,0.9030441612666522,0.915323122396883,89.72367542688497,1.8696349518656454,0.003592687156818796,0.0005666887823029925,0.0005227903555048735,0.00039508584118307224,0.0004709103965616417,54.55,12.178389498432601,110.5,86.0,104.5,75.0,0.816014746857922
0.8601006251897565,0.9021775320958243,0.8367536851232503,0.8403913249927742,0.8611518848837689,103.30814981265686,1.73775440784625,0.0036934671364121856,9.564954008512809e-05,9.963493758867509e-05,8.369334757448708e-05,9.166414258158109e-05,131.7922077922078,15.094875621890548,110.5,113.0,86.5,94.0,0.7544630985464293
0.911395696648957,0.9234788847294231,0.9088642916937959,0.8887891565642472,0.9244711086307217,92.40117294090496,1.4842657579994842,0.004074572160079968,0.0005666887823029925,0.0005347626537225423,0.0007303101912778002,0.0003671504786751783,126.0,10.596909843026602,130.0,117.5,128.0,154.0,0.815695261578159
0.8617713519714343,0.9003091302115254,0.835261319360473,0.8507301646358478,0.8608506702218915,82.11822969290591,1.6631724380759927,0.00420127898288363,0.00016761217504736398,0.00016761217504736398,0.00017559370719247657,0.00011573221610413228,157.6142857142857,12.282151572894728,110.0,104.5,131.0,58.0,0.7523748424754153
0.8872009142074895,0.9114651488297361,0.8665457476823861,0.8849672898645087,0.8858669477774677,87.49918253311259,1.3823140866445915,0.00502836525142092,0.00048687346085186684,0.0007343009573503566,0.000642513337681562,0.0005626980162304363,164.3,10.078518550034037,84.0,109.0,90.0,41.0,0.8121182327321635
0.8938376294295819,0.9099008629971344,0.8771752498475593,0.8970338676505545,0.8912679957419981,81.24183006535948,1.7696078431372548,0.0,0.0,0.0,0.0,0.0,105.16666666666667,11.60752688172043,110.0,112.0,113.0,42.0,0.7964488335020963
0.9087069423212826,0.9238453686372596,0.899209892619808,0.8969418865428539,0.9148564991370312,94.7584260919189,1.8030395609843266,0.003902969218960047,0.0005227903555048735,0.0006624671680443434,0.00021550136791803943,0.00039508584118307224,192.5,11.794759348273924,129.0,104.5,118.5,93.5,0.8124338482232853
0.90251068445108,0.9221703094200857,0.8954769065409935,0.8934626236319102,0.8989665044078587,96.92477734398828,1.440806616064348,0.004443718021791424,0.0006704487001894559,0.0007143471269875751,0.00048288269477931054,0.0006305410394638931,289.08333333333337,11.115300604672225,110.0,100.5,110.5,60.0,0.8141136329671099
0.8637114063462047,0.8884952005101787,0.8475898882791264,0.8462463440093428,0.87255655804628,67.61842612895506,1.9146880142990392,0.00402867835024557,0.00020352906970037057,0.00024343673042593342,0.000195547537555258,0.00010775068395901971,128.625,12.240070310651387,110.5,104.5,80.5,93.0,0.7486814511305824
0.784592927591218,0.8377045620239814,0.7643177468208593,0.7435214916158654,0.7928484563179161,95.01958373420031,1.205868692565438,0.004931699107616673,0.0006938472971298169,0.0008493647947623621,0.0004984535180530293,0.0007177730659963622,112.61931818181819,15.21923076923077,97.5,70.5,111.5,47.0,0.7439061179657998
0.9055450323699965,0.9277571184840403,0.9079263944439278,0.8920214140286691,0.8945131719013217,101.31846777575842,1.5427326529661216,0.003995754530146981,0.0005387534197950985,0.00041104890547329743,0.0004948549929969794,0.0006185687412462242,134.19642857142856,10.223767470968639,109.5,112.0,118.0,71.5,0.8184129384247107
0.915840076759516,0.9332015785724934,0.9105902293326719,0.9088658419371841,0.9107323349765912,90.59982148991509,1.7888581488933601,0.003959837635493974,0.00034320588223984055,0.0007023748287699063,0.0005108180572872045,0.0005227903555048735,148.54166666666669,11.769132653061224,110.5,109.0,115.5,65.0,0.8176975520805249
0.8880291443850268,0.9282930481283422,0.8748983957219252,0.8531347593582888,0.8957903743315508,82.79440559440559,1.379020979020979,0.009770911731696046,0.000486895094738232,0.001799036112761603,0.0019310754604872252,0.001312141018023371,38.09090909090909,10.591160220994475,109.0,111.0,115.0,146.0,0.7966795978556572
0.9058667112299466,0.9317614973262032,0.8787641711229947,0.8865117647058824,0.9264294117647058,84.02997296824041,1.5490949285354696,0.008365930547303096,0.0008087410048194362,0.0016009770911731697,0.0014111705288175876,0.0009531590413943355,131.03333333333333,12.081699346405228,109.5,137.0,136.5,222.5,0.7969601319776294
0.8778705334548554,0.9150016150138311,0.8634225240029352,0.8417997292241549,0.8913217375127895,85.83402489626556,1.3070539419087137,0.0,0.0,0.0,0.0,0.0,42.878787878787875,11.440860215053764,110.0,112.0,113.0,72.0,0.7952852099269542
0.8913992172059598,0.9116923895579003,0.8755309583604626,0.8829271695656218,0.8954810405233622,95.92708590679393,1.3221130451057457,0.005441409539930496,0.0006983840626973499,0.0009498023252683959,0.0008699870038172702,0.00042302120369096626,165.8125,11.250747863247863,110.0,119.5,98.0,76.0,0.8149936327514995
0.9222131379329419,0.9234064161600768,0.9194369516014014,0.9191532570613586,0.926857966700772,76.62979560130117,2.4025197844346264,0.0029112638499298104,0.0004509565661988603,0.00031527051973194653,0.00039508584118307224,0.0003791227768928471,326.75,13.696316225165564,130.0,131.0,110.0,77.5,0.8054496760215177
0.879232229070909,0.915258360802372,0.8680598187248731,0.8536022488864085,0.8800700710011472,90.16160220994475,1.4295580110497237,0.0,0.0,0.0,0.0,0.0,76.4,10.219626168224298,110.0,112.0,113.0,8.0,0.795249438699301
0.911375017900042,0.9398572990343046,0.8914927810332889,0.9008123275354231,0.9133863516572102,99.93836636274584,1.7966543591289277,0.003804197758664279,0.0003551781804575094,0.0007143471269875751,0.0005187995894323171,0.0004349935019086351,144.5,10.992837005926011,90.5,91.0,193.5,76.0,0.8171254603807179
0.9018204019638607,0.9097864661840951,0.8797946444258415,0.8836619849316343,0.9340521295176676,110.67630952380952,1.7841666666666667,0.0034769549407146637,0.0004629288644165291,0.00047490116263419795,0.0004429750340537477,0.0003711412447477346,242.40476190476193,11.290108647222127,115.0,116.5,117.5,261.0,0.7825659393157574
0.9076528430953399,0.9183444865912442,0.9014432765944254,0.9034492915387715,0.9073925939705867,99.87299078465655,1.647945384117539,0.004181325152520848,0.0006704487001894559,0.0004509565661988603,0.00048288269477931054,0.0005946241448108866,213.83333333333334,11.291071428571428,110.0,107.5,88.5,56.0,0.817960131474669
0.929000291053391,0.9360972155505127,0.9209706590601391,0.9192018313541892,0.9397435897435897,84.52126436781609,2.872167487684729,0.00281448777267032,0.0003312335840221717,0.00042701196976352256,0.00039907660725562854,0.00023545519828082085,139.12857142857143,14.905109489051096,110.5,103.0,118.5,145.0,0.8072542772986582
0.8924944154453711,0.913610218482384,0.8779131657003483,0.8854649179921248,0.8930254549964345,98.20519098606114,1.3933278755628327,0.0045774086852220595,0.0007023748287699063,0.0005427441858676549,0.0006345318055364494,0.0007063655948424625,125.05555555555556,10.11164676728993,79.0,73.0,97.5,92.5,0.813461201562012
0.9336951425101829,0.9670723526196352,0.9210275013177068,0.9105757603943819,0.9361620107690241,77.7230524090171,2.1274041653473335,0.005821530008341482,0.0003511874143849531,0.000993700752066515,0.0010934699038804222,0.0008979223663251642,103.36842105263158,13.2296813462227,112.0,112.0,332.5,125.0,0.8294719415384741
0.9308270000356709,0.9356013234831293,0.9245274341404934,0.9178066123047985,0.9453807914509245,82.412637995697,2.869946036187498,0.0027157163123745524,0.00040705813940074113,0.0004948549929969794,0.00032325205187705913,0.00023545519828082085,116.125,15.517115935114504,110.5,103.5,119.0,191.0,0.8075762808528792
0.9169762447702152,0.950302090407646,0.900220134561126,0.90147686520117,0.9159628561684184,105.93507379905256,1.2951113837159225,0.008181070448740385,0.0006465041037541183,0.0013209435700161304,0.000881959302034939,0.0011653036931864355,101.05714285714285,9.4386349724546,111.5,113.0,308.0,133.5,0.8313788606351453
0.9047420507011905,0.9212934397309966,0.8988502361537427,0.8953032792815139,0.9035495406112093,91.60425831960461,1.993078088962109,0.0036305994345080805,0.00013169528039435742,0.00011573221610413228,0.00010375991788646342,0.00016761217504736398,166.54166666666669,13.034530938123753,109.5,111.0,86.5,68.0,0.7914618121408652
0.9060436487032097,0.9217158279637574,0.8876988187145383,0.9074034456743042,0.9073832925102574,104.36266924564796,2.2687238982645077,0.0034330565139165446,0.0004389842679811914,0.0005826518465932177,0.0003711412447477346,0.0004709103965616417,106.0,13.525864157648199,110.5,112.0,106.5,81.0,0.7772842848176482
0.8941258394925848,0.9250819930098888,0.8686117053710766,0.8717204601122376,0.9111421159788754,69.61690647482014,1.8381294964028776,0.0,0.0,0.0,0.0,0.0,220.75,13.883116883116884,110.0,112.0,113.0,62.0,0.778942309914113
0.915904439365514,0.9235125308509053,0.9072137992331463,0.9134850504862597,0.919419382176335,73.09555544068998,2.1049352404300565,0.003493915696523028,0.0005187995894323171,0.0005307718876499859,0.00042701196976352256,0.0004549473322714165,256.9642857142857,12.766408322859935,110.5,82.0,86.5,77.5,0.8053126062818782
0.885427840730208,0.9062598350201255,0.8754255418100642,0.8727580896867475,0.8873035066505441,98.54634831460675,1.3497191011235956,0.0,0.0,0.0,0.0,0.0,88.0,10.441176470588236,110.0,108.0,113.0,72.0,0.7957588158648325
0.8730795258156087,0.9066170015404748,0.8405150942031232,0.8506712553870958,0.8945720811500739,87.61867704280155,1.2710765239948119,0.0,0.0,0.0,0.0,0.0,83.1,9.645739910313901,110.0,111.0,113.0,36.0,0.7966104272982758
0.9083093933733914,0.9300051970316874,0.8816084291900494,0.8976250271292593,0.9240360069864302,95.39581419723405,1.794375354527733,0.0034719664831239683,0.00031527051973194653,0.0007343009573503566,0.00042701196976352256,0.0002953166893691651,152.8,10.145408163265305,108.5,112.0,144.0,163.5,0.8191770964384057
0.8978031672605775,0.9203782652266816,0.8865237342262735,0.8899461548796495,0.8944031046207588,98.42807560790274,1.357220744680851,0.005090222125545542,0.000726319425205244,0.0007941624484387008,0.0005467349519402111,0.0007422824894954691,166.8,10.380736661986662,106.0,106.0,84.0,54.0,0.8149489390083328
0.8844256968609142,0.9205185436716304,0.8683378290391591,0.8672784960572143,0.8816296158496884,77.1018922852984,1.4585152838427948,0.0,0.0,0.0,0.0,0.0,153.5,11.388297872340425,105.0,101.0,113.0,60.0,0.7976921647451836
0.9174382855662849,0.9752261019363602,0.8964447751630339,0.8980063870027595,0.9001746607550719,97.21037037037037,0.8844444444444445,0.00826288115322779,0.00027935362507894,0.0012531005467826737,0.0012610820789277861,0.0009897099859939589,123.0,7.905579399141631,111.0,113.0,429.0,38.0,0.8335166040652224
0.8989686732462999,0.9188890361266171,0.8799977263096972,0.8938145288810343,0.9032074535702106,100.1754217653777,1.4660336107032141,0.004500586438325351,0.0006265502733913368,0.0007662270859308068,0.0003791227768928471,0.0006624671680443434,140.71428571428572,9.974964985994397,99.0,100.5,119.5,75.5,0.8165959758733341
0.8766197276298586,0.9133627900813305,0.8649520974793042,0.8633264089128659,0.8649004226996971,88.5054347826087,1.2595108695652173,0.0,0.0,0.0,0.0,0.0,109.8,11.357894736842105,110.0,112.0,113.0,36.0,0.7917658857872573
0.9155074073863457,0.9753710390750526,0.8893033206213375,0.8930848809929826,0.9043727198503498,109.61951909476662,1.0707213578500707,0.008845532999821007,0.0003591689465300657,0.0018118077969405536,0.0017240109433443154,0.00111741450031576,110.0,9.195979899497488,111.0,113.0,421.0,57.0,0.8322253134900716
0.8564380980905331,0.9066309491252932,0.8408891370778848,0.8233463115495784,0.8549717943547345,100.70397111913357,0.9494584837545126,0.0,0.0,0.0,0.0,0.0,40.63636363636363,9.508849557522124,110.0,99.0,114.0,49.0,0.7849157779682103
0.8769152023074892,0.9082925192054297,0.8518901143220562,0.8557184295841284,0.8918133825574842,91.63067292644757,1.618153364632238,0.0,0.0,0.0,0.0,0.0,139.5,12.793939393939393,110.0,46.0,114.0,53.0,0.7655142432185619
0.8751200013647974,0.9124973083102814,0.8691077832553045,0.8628251635506775,0.8561136431753119,101.73641304347827,1.3043478260869565,0.0,0.0,0.0,0.0,0.0,59.13333333333333,10.7363184079602,63.0,64.0,113.0,36.0,0.7937280574861082
0.8714924318363815,0.910900929254112,0.860188716295125,0.8466003162496512,0.8683471304994884,94.73003802281369,1.1102661596958174,0.0,0.0,0.0,0.0,0.0,49.916666666666664,9.90783410138249,110.0,112.0,113.0,52.0,0.791306343850261
0.8760112554430345,0.9150533782776499,0.8641955787058568,0.867656755443938,0.8572060480162053,90.67817679558011,1.4613259668508287,0.0,0.0,0.0,0.0,0.0,101.5,11.363157894736842,110.0,66.0,113.0,36.0,0.7936582017220949
0.920819002529528,0.9767758940550927,0.9061978730660714,0.8981252389958557,0.9022726568071188,80.82078853046595,1.5519713261648747,0.007169411249347367,0.00013568604646691372,0.0012610820789277861,0.0013329158682337994,0.0014207127218300376,105.0,10.96987951807229,111.0,113.0,462.0,37.0,0.828893364709686
0.8545772152239017,0.9123917112520913,0.8316818073770915,0.8217530152233901,0.8525811552413729,62.39355581127733,1.2669735327963176,0.009414217165160277,0.00027935362507894,0.0003112797536593903,0.0006465041037541183,0.0005986149108834428,78.8,9.241379310344827,108.0,111.0,115.0,52.0,0.7782686808441758
0.8481766254659827,0.9046551738417452,0.8283735879866473,0.8273070205355574,0.8324672640271189,81.78940568475453,1.1627906976744187,0.0,0.0,0.0,0.0,0.0,110.16666666666667,12.274285714285714,97.0,98.0,114.0,52.0,0.7516859928026322
0.8772473276594293,0.9130356462539961,0.8608790913506754,0.8682065750989572,0.8669291745470705,96.28815789473684,1.2092105263157895,0.0,0.0,0.0,0.0,0.0,57.416666666666664,10.075117370892018,110.0,112.0,113.0,50.0,0.7981969556744418
0.8731666350454131,0.903642684401451,0.8557188478591139,0.851060883225333,0.8822962205066195,74.27846364883402,1.1824417009602195,0.0,0.0,0.0,0.0,0.0,42.64705882352941,9.981308411214954,110.0,112.0,113.0,65.0,0.7902002602609668
0.8699469538393457,0.9105975965281343,0.8508376481774306,0.8590291342407425,0.8593929246891762,94.59294436906377,1.162822252374491,0.0,0.0,0.0,0.0,0.0,106.0909090909091,11.198952879581151,110.0,109.0,113.0,52.0,0.7825463444410073
0.8749946364495002,0.9119941693859634,0.8563554811438729,0.8565125724738784,0.8751795698591346,98.2217847769029,1.3464566929133859,0.0,0.0,0.0,0.0,0.0,76.2,8.94142259414226,110.0,112.0,113.0,53.0,0.7996703894003316
0.8799438365179468,0.9132054297593215,0.8603478746163148,0.8680897900970452,0.87818910902345,92.15249662618083,1.2172739541160593,0.0,0.0,0.0,0.0,0.0,129.33333333333334,10.873737373737374,110.0,112.0,113.0,45.0,0.7974389063081087
0.8802814170939844,0.9098708403041196,0.8622505400014469,0.8691914963982679,0.8798633718827189,80.56135770234987,1.1409921671018277,0.0,0.0,0.0,0.0,0.0,71.85714285714286,9.508928571428571,110.0,112.0,113.0,64.0,0.7956085114713624
0.9053441641727233,0.9751386417249513,0.876089549926408,0.8728143155937718,0.8974534562449971,98.04385964912281,1.1812865497076024,0.008999266017231456,0.00035095741613843035,0.001667047726657544,0.0018185975199900481,0.0012363272613967434,233.75,11.519480519480519,112.0,110.0,437.0,101.0,0.791313440716902
0.8852926534091761,0.9139373623097182,0.8700927045546151,0.8700430967661923,0.8871464153205386,88.38045112781955,1.4601503759398495,0.0,0.0,0.0,0.0,0.0,174.4,11.462765957446809,110.0,112.0,113.0,36.0,0.791974218963718
0.8645255028425525,0.8998039207566547,0.8563451461879515,0.8423464483923976,0.8596668010210936,78.97695262483995,1.259923175416133,0.0,0.0,0.0,0.0,0.0,62.23076923076923,10.492753623188406,110.0,110.0,113.0,19.0,0.7911154240803141
0.8772904945477894,0.909186529956436,0.8706910985024648,0.8620283384491365,0.8673105344205707,91.0135685210312,1.2618724559023067,0.0,0.0,0.0,0.0,0.0,67.3,10.52450980392157,110.0,111.0,113.0,53.0,0.7903224970104269
0.8790109664575183,0.9120355799970185,0.8642193491044761,0.8635393090048471,0.8763060800545686,94.26869806094183,1.3559556786703602,0.0,0.0,0.0,0.0,0.0,53.0,10.703517587939698,109.0,101.0,113.0,60.0,0.793479136951788
0.8722123107829853,0.9093252555034702,0.8604563916534896,0.8532053865790262,0.8659256503271013,86.5019920318725,1.1208499335989375,0.0,0.0,0.0,0.0,0.0,126.0,10.630541871921181,110.0,112.0,113.0,36.0,0.7920620096342164
0.8297653013695019,0.892847973364695,0.8245878936326336,0.798471460019223,0.8032617120887979,85.35106382978724,0.9515366430260047,0.0,0.0,0.0,0.0,0.0,27.785714285714285,9.897674418604652,108.0,99.0,114.0,69.0,0.7447115302875504
0.9135904873619242,0.9683229530734956,0.8846133176242004,0.9006324993023904,0.9008867392180573,114.8467852257182,1.0410396716826265,0.00877768997658755,0.00039907660725562854,0.0014286942539751503,0.0012930082075082365,0.001005673050284184,100.2,7.2745098039215685,108.0,105.0,407.0,51.0,0.8378115409081182
0.8511688404339849,0.9045930579251628,0.8158589898614083,0.8497535113012743,0.8345611260967972,91.3050139275766,1.224233983286908,0.0,0.0,0.0,0.0,0.0,93.5,10.339712918660288,110.0,112.0,113.0,35.0,0.753198668945372
0.8698019441125793,0.9054761392059101,0.8558314988786573,0.8595572504883267,0.858403869407497,92.66977829638273,1.087514585764294,0.0,0.0,0.0,0.0,0.0,33.09090909090909,8.19245283018868,107.0,108.0,113.0,26.0,0.7921829754187543
0.8687809308849005,0.8964745076278345,0.8452629729534203,0.8553891627652208,0.8780444196405502,84.81420765027322,1.2568306010928962,0.0,0.0,0.0,0.0,0.0,38.95,9.84037558685446,104.0,109.0,113.0,105.0,0.7908489368092777
0.8836295157702309,0.9182256834812587,0.8565571015661759,0.8742633181834634,0.8855310985982492,95.60275862068966,1.44,0.0,0.0,0.0,0.0,0.0,80.33333333333333,11.67027027027027,107.0,97.0,114.0,36.0,0.7936217253055903
0.8621783705478554,0.9056903595786822,0.8443761924705664,0.8438022554175004,0.8549190541931014,95.70615034168564,0.929384965831435,0.0,0.0,0.0,0.0,0.0,88.125,9.384279475982533,110.0,110.0,114.0,49.0,0.7889488012988772
0.9264879523023977,0.943464163257193,0.9083842329912464,0.9159690571419712,0.9381633749832057,105.28877700152574,1.5921818035814663,0.007959582776525944,0.0008420516248919399,0.0014686018860674594,0.0008979223488184192,0.0009537930727448987,287.9583333333333,10.653553380669099,113.0,117.0,104.5,123.0,0.8373427407638416
0.925593337927462,0.9533535348097597,0.905523000444403,0.9142798085966163,0.9292644611870731,88.49077374533152,1.6069008184718077,0.007431804118617942,0.0006385225716090057,0.0009897099859939589,0.0010296176467195217,0.0009178761966879456,102.22916666666667,10.145231388329979,111.0,91.5,287.0,58.5,0.8336142531087251
0.9142266173754222,0.9590107419125077,0.8931386227637739,0.894024328486239,0.9108093303982059,104.70332850940666,1.361794500723589,0.009474078471533011,0.00041503966345384717,0.0014925464820359504,0.0015244726099939386,0.0015244726099939386,170.6,8.891089108910892,111.0,113.0,115.0,71.0,0.8389331601757379
0.9123249479283254,0.9691615179473588,0.8976642999617607,0.8937566531278744,0.8888144772062547,94.8975468975469,1.2857142857142858,0.008532257863125338,0.00026339056078871485,0.001300989739653349,0.0013728235289593622,0.0014207127218300376,125.16666666666667,8.793427230046948,111.0,76.0,403.0,41.0,0.8314214222691341
0.8550307644637245,0.9230881585162718,0.8216205073382559,0.8322415036173334,0.8431931582566792,66.31117824773413,1.8187311178247734,0.0,0.0,0.0,0.0,0.0,177.4,13.39622641509434,110.0,109.0,112.0,72.0,0.7326051827893577
0.9006660108056802,0.9711461214821686,0.8582075052449901,0.859370187786149,0.9140607075310824,99.72366621067032,1.024623803009576,0.009357532564313084,0.00037509938637331767,0.0018355927418268736,0.0018834777698745313,0.00111731732111201,70.5,10.745222929936306,110.0,111.0,436.0,189.0,0.7896136000027795
0.8879754625965375,0.9185505043812426,0.8750999906985397,0.8785373970380016,0.8797662232970577,103.3833746898263,1.218362282878412,0.009180757349915735,0.00031926128580450283,0.00028733515722405257,0.00035118741438495315,0.00027935362507894,172.83333333333334,11.436170212765957,109.0,111.0,115.0,50.0,0.8094265331749682
0.9024156914482517,0.931234574547382,0.8834289316756064,0.897300509513327,0.8977480131047241,78.62040816326531,1.3156462585034014,0.0,0.0,0.0,0.0,0.0,92.77777777777777,10.4066985645933,108.0,95.0,115.0,17.0,0.838823145433733
0.8840002316019878,0.9169189263056766,0.8654647112930063,0.8656683099246582,0.8880052501576081,89.47109826589596,1.3916184971098267,0.0,0.0,0.0,0.0,0.0,80.75,11.86111111111111,106.0,111.0,115.0,70.0,0.7894195336283981
0.9246331977669019,0.9287401028639579,0.9150973036100001,0.9287601153381081,0.9259422896061349,96.69560366972476,1.7632954128440366,0.003606654838072743,0.0006185687412462242,0.0005427441858676549,0.000251418262571046,0.0003112797536593903,147.29166666666669,12.37922547332186,107.5,102.5,118.5,84.0,0.8351947125630026
0.8942881676715677,0.9266235030064104,0.8818063435959446,0.8796008640023151,0.8891772341590963,107.60520094562648,1.0011820330969268,0.0,0.0,0.0,0.0,0.0,122.5,8.696356275303645,111.0,109.0,115.0,46.0,0.8378351761752918
0.9033095303701031,0.9345298239220818,0.8859940677353011,0.8855010903378497,0.9072665075083455,89.7018779342723,1.1784037558685445,0.0,0.0,0.0,0.0,0.0,46.86666666666667,10.10377358490566,111.0,111.0,115.0,59.0,0.8449283855836129
0.9028124649430584,0.9260566952675954,0.8840304261102326,0.8880192023481019,0.9131832697733544,90.59130110009508,1.484696851373987,0.0037702762470475507,0.0005467349519402111,0.000614577975173668,0.0005826518465932177,0.00031527051973194653,104.12222222222222,11.148005721070813,110.5,111.5,117.5,54.5,0.8078779278409586
0.9044637700534759,0.9461048128342247,0.8829304812834224,0.8862139037433155,0.9026058823529411,112.45858793183444,1.125997750882739,0.007351909619066482,0.00011966065887634514,0.0003342245989304813,0.0002640786954512445,0.00024757377698554167,307.5,11.014047619047618,109.0,114.0,301.5,114.5,0.7994125680439073
0.8973125639425689,0.9097067507578142,0.8951880445229901,0.8883308012691327,0.8960458458644673,79.53259882514418,1.6901325211167384,0.0038510892600168156,0.0005746703144481051,0.00041104890547329743,0.00029132592329660887,0.0004669196304890854,170.58333333333334,12.213084603258014,110.5,111.5,88.5,94.5,0.8108076672055093
0.9263561252780645,0.9276007934273078,0.9107499044016578,0.9015331907109416,0.965542740210213,95.68784590341834,1.9072436245252304,0.0,0.0,0.0,0.0,0.0,164.625,13.545123287671233,113.5,63.5,87.0,396.5,0.8178697688473312
0.893796941676773,0.9181153610289303,0.872622685508348,0.8878625239786764,0.896628766138748,95.94556304023845,1.4821758569299552,0.004343485739413327,0.0006347557284620578,0.0008782783664254888,0.000610802682104999,0.0003433269977845093,66.70879120879121,11.59761764614765,110.5,111.0,120.5,113.5,0.772474162307704
0.8902548128342247,0.9149689839572193,0.8780866310160428,0.882744385026738,0.8852192513368984,115.81985797863038,1.6169208191020514,0.005349656697695914,0.0005652934574503202,0.0008582557602165445,0.0007798573975044563,0.0007468475605730508,105.0,9.82706703977422,111.0,111.5,119.0,68.5,0.7881551759646896
0.8276369411374243,0.8772133971608885,0.8155014003865273,0.8196250477991711,0.7982926652817826,72.74074074074075,1.1441798941798942,0.0101573822757838,0.0005107621022590165,0.0019073772256235147,0.001747764068667572,0.0016599768323418036,121.375,10.587064676616915,78.0,112.0,115.0,78.0,0.7800782693778623
0.9357338086688417,0.9378059208891687,0.9292598104569084,0.9330491220454944,0.9428239233559669,99.94604519774012,2.2166854990583804,0.003647560190316445,0.00048288269477931054,0.00048687346085186684,0.0004429750340537477,0.0005666887823029925,159.83333333333334,12.99724813614895,130.5,120.5,111.0,150.0,0.8364616123309151
0.9212531270145625,0.9368053369995528,0.9116764332000125,0.9134380264368173,0.9231192963962008,87.22997161264001,1.4539002872732836,0.004231209728427802,0.0005746703144481051,0.0006105872091011116,0.000586642612665774,0.0006026056769559992,87.12987012987013,11.7515625,111.5,104.5,121.5,142.5,0.8340584864280982
0.9169366966629152,0.9283404904672774,0.9098078731694209,0.908455027439308,0.9211628892402774,66.68716931216932,2.011119590286257,0.007312081136441254,0.0008101255127289259,0.001133377564605985,0.0010415899449371904,0.0009178761966879456,64.1325,12.77367991772758,111.5,113.0,99.5,73.5,0.8265914859866264
0.9059956998541632,0.9255002401815441,0.8970643557705227,0.8949518907801859,0.9064996537789767,84.66398514112349,1.5233585360901087,0.004223228196282689,0.0005746703144481051,0.0006784302323345685,0.0006465041037541183,0.0004629288644165291,103.85416666666666,11.081960955393171,109.0,111.5,136.5,71.5,0.8119153557490812
0.9346839744348627,0.9641451400506866,0.9195418514040037,0.9225245196829236,0.9325747475687016,90.75426129010789,1.7253196429759887,0.006694510086713169,0.0005108180572872045,0.001077506839590197,0.0009378300270507271,0.001061543775299972,148.04166666666669,10.902967998673521,111.5,112.0,306.5,106.5,0.832738597975385
0.8919886907922184,0.913015976213745,0.8749377318905734,0.8780692235347616,0.901967775607437,92.15836298932385,1.7117437722419928,0.0,0.0,0.0,0.0,0.0,66.0,12.02808988764045,110.0,112.0,113.0,61.0,0.7930939758156225
0.9270201871657755,0.9366978609625669,0.9031652406417112,0.9301935828877006,0.938024064171123,101.38973812932173,2.06962310248719,0.006295594837261504,0.0006313131313131313,0.001192480359147026,0.0008706344490658215,0.0007633524790387536,64.94444444444444,11.833090707427818,111.0,112.0,89.0,78.0,0.8233416269993354
0.8785950651199652,0.907964399297676,0.8542487003792929,0.8577527671844479,0.8944645976084912,104.44995547755724,1.0704463194780645,0.0053975111131323765,0.00023545519828082085,0.00018357523933758914,0.00014366757861202628,0.00019953830362781427,44.48571428571428,10.856505828137706,110.0,110.5,119.0,123.5,0.7887776993598035
0.8167860261286332,0.8472600669195475,0.716683719343937,0.8892650812844283,0.8139873293440404,60.911184210526315,1.925986842105263,0.007801093046221697,0.0004948007865634222,0.0012210406507129612,0.0014684410439946723,0.0014365184126034838,105.5,11.97752808988764,106.0,102.0,115.0,70.0,0.7897361826753833
0.9132585934418382,0.928887110533203,0.9040947095360639,0.9025356814353187,0.9175435876765986,104.46756090595633,1.438061934232492,0.009291501108429173,0.000921866962760502,0.0012650728450003426,0.0015125003414988322,0.0011533313949687665,122.5,9.42551219512195,110.5,109.0,112.0,70.5,0.8377559972272074
0.8479980127722293,0.885960353480976,0.8246013290753315,0.8278061989065617,0.8536890625161484,102.68719806763285,1.1376811594202898,0.0,0.0,0.0,0.0,0.0,91.0,10.096774193548388,108.0,109.0,94.0,29.0,0.7591133023237124
0.929040743855956,0.9374352959202266,0.9210517884641223,0.9236334604532912,0.9340567802478322,97.20076917398167,1.9292574377506935,0.007043702118061844,0.0006943932966247937,0.0011134237342432037,0.0010974606699529785,0.0009657653895586212,119.70833333333334,10.80971444568869,130.0,132.0,109.5,163.0,0.830648919593305
0.9109330096419836,0.9158463914793527,0.9047778501224693,0.9031955683709009,0.9199206275385235,82.5547703180212,1.8515901060070672,0.0,0.0,0.0,0.0,0.0,190.6,12.315151515151515,110.0,112.0,113.0,149.0,0.7952448006689423
0.9095781638615082,0.9293395214589786,0.8914380057669054,0.9054573734743021,0.9121115348443039,83.52391894227043,1.4252331647354977,0.004363902700340298,0.0006864117644796811,0.0006026056769559992,0.0004509565661988603,0.0006943932966247937,45.21944444444444,10.198084160109477,115.0,79.5,117.5,81.5,0.8073191082660477
0.9135484836531905,0.9257983965811399,0.9111622691429222,0.9058635372420136,0.9113906716687853,79.07298589453353,2.0888755204458027,0.0070227505961809236,0.0008141162788014823,0.0009537930913409523,0.0007462732555680254,0.001145349862823654,259.23333333333335,14.276593411413781,110.5,109.5,90.5,66.0,0.82619335744696
0.9284083618656989,0.9560576477116496,0.9108444692483386,0.9187646627187135,0.9280139315205821,104.55010683760685,1.7940025252525253,0.007169411249347367,0.0007023748287699063,0.0010375991788646342,0.0010655345413725283,0.0009458115591958398,168.16666666666666,11.832342427779398,111.0,111.0,284.0,67.0,0.8292032833081585
0.8751808744319161,0.9044382857663448,0.8493824863836956,0.8571057989437676,0.8898469393028039,93.70757723957558,1.5063280103765762,0.004135403554544113,0.0001117406991818916,0.00010375922066889934,0.00014765735249035674,8.779626364291482e-05,219.55,11.993230640596861,109.5,112.5,81.0,108.5,0.7675542383962266
0.8599534314574434,0.9114982773185801,0.8349197490672702,0.8320300953916432,0.861453714899906,92.69822485207101,1.532544378698225,0.0,0.0,0.0,0.0,0.0,344.6666666666667,12.52046783625731,108.0,112.0,113.0,34.0,0.7463468160971165
0.9116067491300709,0.9275821586523331,0.9053369712378176,0.8993659504542213,0.9141692245682572,91.12781002438979,1.401612120524601,0.004763976999114065,0.0006265502733913368,0.0006465041037541183,0.0008181070448740385,0.00047490116263419795,134.1,10.306221722108916,108.5,105.5,133.5,75.5,0.8392392306608987
0.9042464069381339,0.9272431092743205,0.8965827468245848,0.8952924275777964,0.8979066546781178,87.95368292185269,1.4587839216486431,0.004604346356211814,0.0006345318055364494,0.000754254787713138,0.00047889192870675425,0.0005826518465932177,174.625,10.911187196845901,110.5,110.0,103.5,64.5,0.8152844683052941
0.9455891711595557,0.9525905443010717,0.9476885871081759,0.9377959673001994,0.9442935540879918,76.89383850576951,3.041113404202848,0.0022976835662742814,0.00034719664831239685,0.00020352906970037057,0.0002993074554417214,0.000363159712602622,142.95,16.463503004595264,111.0,111.5,61.5,115.0,0.8344319611403721
0.928100935828877,0.9584775401069519,0.9100989304812834,0.911187165775401,0.9326401069518717,114.83590631565126,1.6278738839285714,0.007646935036640919,0.0004580114874232521,0.0012791311810919654,0.0011801016702977488,0.0010068000264078696,114.64102564102564,11.14776335356296,134.0,135.0,303.0,84.5,0.8318626149430806
0.9230423557644338,0.9343786751917311,0.9187073037133497,0.9121440899554563,0.9269587325210058,83.34341119411911,1.563487532487304,0.004033666807836266,0.0004948549929969794,0.0005187995894323171,0.0006664579341168997,0.00047490116263419795,54.638888888888886,12.079527243589745,115.0,115.5,137.5,101.5,0.8336068496817494
0.9000928217341922,0.9208990036606981,0.8895870151613803,0.8857635982182537,0.9041572360193884,91.05790087463558,1.376661807580175,0.004120465969914365,0.00013967681253947,0.00013568604646691372,0.00015563987682969515,0.0001875660054101454,72.52777777777777,11.490538965115237,110.0,111.5,87.5,129.5,0.8076206621847186
0.9023515873266151,0.9242392870749201,0.8970245661902252,0.8796101654626443,0.9085697454500357,90.01479289940828,1.4408284023668638,0.0,0.0,0.0,0.0,0.0,101.33333333333333,11.892045454545455,111.0,111.0,115.0,108.0,0.8084435453252294
0.9080666765580016,0.9228582431962367,0.8946444258415238,0.8979128556516707,0.9168764662718714,104.58696851258398,1.6746945101680195,0.004537501024496497,0.0007422824894954691,0.0007742086180759194,0.0006265502733913368,0.0004509565661988603,127.81666666666666,10.906059206813401,111.5,110.5,100.5,72.5,0.802079830460675
0.9387075420050011,0.96307622865283,0.9244819603344392,0.926265773726475,0.9410478611808721,101.24431194513474,1.960343873760746,0.006218611232560832,0.0005108180572872045,0.0010415899449371904,0.0009298484949056146,0.0008220978109465949,179.0,11.915515873015874,111.0,111.5,305.5,111.5,0.8303975020028691
0.8904105145234609,0.9186866417650859,0.8715633687822322,0.8784366312177678,0.8930037515889995,106.96353286870789,1.3747618142020264,0.00989510447690331,0.0009258577288330582,0.0015204818736439447,0.0014765834468458256,0.001273054377145455,111.2,8.903324652777778,110.5,112.5,115.0,67.0,0.7944254826259409
0.9174541823545134,0.9496374501002136,0.9079124422534337,0.905931747951095,0.9063901032462096,77.54287054164604,1.3273636766276737,0.00804737978530975,0.0005826518465932176,0.0013408974003789118,0.0010455807110097467,0.001161312927113879,54.650000000000006,9.691032724181895,115.0,116.0,296.5,68.5,0.8315631443314102
0.9180251743089292,0.9522799647181595,0.8979831333519362,0.8958375965026509,0.9260585578602507,87.17695835950286,1.35476942543174,0.007424820277990969,0.000223482900063152,0.00031127975365939024,0.0005068272912146483,0.00028733515722405257,76.62301587301587,10.668293376291103,149.5,151.0,305.5,112.5,0.8156895153656043
0.9260398696618456,0.9589496612612016,0.911081139738939,0.9167772506950258,0.917407683006232,94.45130875615136,1.6374406075004242,0.008055361317454861,0.00055870725015788,0.0011533313949687665,0.0011253960324608724,0.0012092021199845543,143.0,10.196271929824562,112.0,113.0,284.5,68.5,0.8374145515932261
0.9112590876639373,0.93916470656441,0.8996072716749863,0.8859382589733256,0.9203738153556775,109.17156379867632,1.2730490995844237,0.008989200578433033,0.0006544856358992308,0.001524472639716501,0.0014686019147007131,0.0010415899449371904,86.14285714285714,9.647853982300884,97.0,101.0,176.5,80.5,0.8346509485407909
0.9217046648701481,0.9349097531263207,0.9258214797234761,0.9131023107429641,0.9130076886882694,89.32055935340966,2.2633845929928453,0.0,0.0,0.0,0.0,0.0,155.83333333333331,16.29821304246925,110.5,111.0,97.5,79.5,0.7993464561593504
0.821218515958566,0.8462330837653841,0.806085222046528,0.7994243429551773,0.8331741750121435,84.17850953206239,1.826689774696707,0.0,0.0,0.0,0.0,0.0,136.4,11.226315789473684,104.0,52.0,113.0,55.0,0.7735281504684484
0.923010174461435,0.9239473422669825,0.9199562831364525,0.918191072665075,0.9299476017734785,82.5381299734748,3.156498673740053,0.0023186350881552018,0.00031926128580450283,0.00034719664831239685,0.00016761217504736398,0.0003831135429654034,186.15,15.629896526237989,114.0,89.5,107.5,208.5,0.8078044902651232
0.9083481660276072,0.9225895918570175,0.8978430946992011,0.8971341167229923,0.915850205148875,88.08640945889309,1.5686144751064346,0.008683906973882476,0.0005986149108834428,0.0011253960324608726,0.0012411282485650047,0.0011772759914041042,226.525,10.900220418257083,107.5,110.5,101.0,113.5,0.8302347631179596
0.9183082146847034,0.9541144547878948,0.9023620541758389,0.900877437757728,0.9159401192653913,74.49905530745448,1.6625749508135286,0.003605657146554604,0.0005387534197950985,0.0005187995894323171,0.0005227903555048735,0.0004669196304890854,92.31439393939394,11.787568068589966,119.0,119.5,310.5,97.5,0.8131970278660707
0.9036471109461407,0.9290708701197595,0.8936915429055695,0.8930910819665354,0.898778408210089,99.17893217893217,1.4632034632034632,0.009236628074931523,0.0005427441858676549,0.0012052113539119983,0.0013887865932495874,0.001229155950347336,35.92307692307692,10.492610837438423,107.0,110.0,115.0,72.0,0.830031115185645
0.9115048921049913,0.9256923899261617,0.9004083484573503,0.9042670445599119,0.9156446967699237,101.22943730193731,1.443086344630466,0.0050979726016447,0.0006674726965697099,0.0007074411215140039,0.0009112800887299034,0.0006235074291309865,218.66666666666666,10.121824807960895,111.0,86.0,100.0,77.5,0.8382137528352167
0.9121424579691504,0.9351882526378559,0.8958655008836387,0.9056847425045733,0.9118707303713349,89.30878390727344,1.6902757388705143,0.007428811044063526,0.0006465041037541183,0.0013528696985965808,0.0012371374824924485,0.0012650728450003426,190.0875,12.430670041385916,109.0,112.0,108.5,80.0,0.8224437690258808
0.9102508694121496,0.9232257623693495,0.9001064500459905,0.898573259335049,0.9191201852024101,82.45035518243462,1.5257345818534065,0.004443718021791424,0.0005467349519402111,0.0005227903555048735,0.0007981532145112571,0.0005746703144481051,207.69642857142856,12.10559208273406,130.0,131.0,120.5,129.5,0.816911568239659
0.9190003065624527,0.9409205164731411,0.9032906499653779,0.9098409450283695,0.921986585227214,107.20679507434043,1.6109690910500707,0.0082938095902901,0.0007103563609150188,0.001484564978990938,0.001101451436025535,0.0012531005467826737,106.75,9.495345633661714,111.0,113.0,117.5,112.0,0.834674029184491
0.9445942648523822,0.9551657666760531,0.9301997746979609,0.9385266486838433,0.9545029402949596,109.55196304849885,2.6039260969976903,0.005642943226594588,0.0005387534197950985,0.0010695253074450846,0.0008739777698898265,0.0007303101912778002,140.875,13.367348708167157,110.0,89.0,144.5,144.5,0.8406833625887988
0.9168935297745551,0.9533493937486541,0.9038787089573063,0.896056697568185,0.9143516365402702,85.58406100684846,1.9870256928629133,0.0030489452794330023,5.986149108834428e-05,9.976915181390713e-05,0.00010775068395901971,7.183378930601314e-05,146.75,14.071437168993741,111.0,112.0,328.5,45.5,0.7828302947246207
0.9360590909090909,0.943827807486631,0.9277112299465241,0.9309497326203209,0.9417475935828877,82.4063829787234,2.5340425531914894,0.0,0.0,0.0,0.0,0.0,153.5,14.39568345323741,111.0,109.0,115.0,61.0,0.8377539012122344
0.9368729492496974,0.9639727683821703,0.9145076943746835,0.9137072520385701,0.9553504066805155,101.282320881965,1.635486399721275,0.006630657829552269,0.000446965800126304,0.0012211744182022235,0.0012251651842747797,0.0006105872091011116,174.375,10.16867491677522,110.0,113.0,356.0,245.0,0.833293465268211
0.9203485609917115,0.9318702274270758,0.9070138178360669,0.9169126386175963,0.9256172552424065,73.47190027223957,1.9777904556009287,0.0072532173368710495,0.0007382917234229128,0.0012251651842747797,0.0010814976056627533,0.00097773768777629,278.75,11.801333976213437,110.5,100.0,121.0,112.5,0.8311639908067014
0.8615516840486173,0.900347230854652,0.8414878930305427,0.835576858444372,0.8688610710389295,95.35546334716459,1.4771784232365146,0.0,0.0,0.0,0.0,0.0,61.18181818181818,11.866666666666667,108.0,110.0,114.0,65.0,0.7591461749352592
0.913039010976797,0.9349196012986367,0.8962349755578292,0.9067471759732945,0.914291693795926,70.83703528396316,2.169413836548032,0.0069249768274032945,0.0006504948698266746,0.0011972298217668856,0.0009976915181390713,0.0011573221610413228,131.5,14.110236593807784,111.5,110.0,122.0,145.5,0.7995287022748445
0.9155512138397623,0.9341421574720931,0.9010925486424579,0.9091473156808909,0.9178546129544315,63.80412820512821,1.2857692307692306,0.010282312448257239,0.0010341205413449666,0.0018206909917116013,0.0016210538215677855,0.0014853005458699904,110.16666666666666,10.704915951449902,108.0,106.0,84.0,111.0,0.8337169022275834
0.9353960258006953,0.9468909238303223,0.9262454064990298,0.9345467401626821,0.933920682109088,75.89542253521127,3.1580985915492956,0.002100304484369271,0.0002112260676879912,0.0003148464027802133,0.00025506544022700823,0.00025905083773055526,183.375,18.391430983537354,109.0,112.5,181.0,130.5,0.8013029113165011
0.9378100843020897,0.9513244148680657,0.917774057193646,0.933462520282351,0.9487024462840665,86.53281471294567,2.037710133623432,0.002908270775375393,0.0002194921339905957,0.0005826518465932177,6.784302323345686e-05,0.00012371374824924486,216.85,12.682638349305016,111.0,111.0,134.0,249.5,0.838973937771236
0.8938349153437868,0.9173677138029849,0.8756477433623746,0.8721111214460671,0.9102533097696338,89.40405779036354,1.3592468346223505,0.004022692201136736,0.00012770451432180113,0.0002474274964984897,0.00015963064290225142,0.00014765834468458255,66.99285714285713,11.7849478390462,130.0,130.5,134.0,135.0,0.7905381891569359
0.9040715422676213,0.9155715285484752,0.9000568422575678,0.8897497907171426,0.910927665643506,72.24160784728625,1.707535430174972,0.004239191260572915,0.0006105872091011116,0.0007702178520033631,0.0005706795483755488,0.00048687346085186684,263.0,13.139945652173914,111.5,82.0,118.5,71.5,0.8078127264509292
0.9120398396776597,0.9257445627867685,0.8986285513492285,0.9053245692907119,0.9184851021610393,81.60125588697018,1.3500784929356358,0.0,0.0,0.0,0.0,0.0,25.529411764705884,11.856353591160222,111.0,110.0,115.0,54.0,0.8344707143660263
0.9055489096354181,0.9280340519454705,0.898077181450821,0.889986977955539,0.906135863330543,83.49937445707596,1.5654459530913623,0.004405805744102139,0.0004669196304890854,0.0007702178520033631,0.000754254787713138,0.0005347626537225423,215.76785714285714,10.506972012703454,112.0,113.5,137.5,91.5,0.8141797564117577
0.849944787740397,0.8851150593828163,0.8208414721111215,0.786877706466582,0.9070050331235338,70.43117660669867,1.5437575924104818,0.0059592114378446736,0.00011573221610413228,0.00042302120369096626,0.0003671504786751783,0.00017160294111992028,173.15,11.860173577627773,110.0,68.5,328.5,262.0,0.7692865491261687
0.9024147867529867,0.922654813569429,0.8905316301325975,0.8836733533831478,0.9128339482632106,104.35959534747754,1.4019180666127529,0.009083981272656244,0.0007183378930601314,0.0013009897396533492,0.001440666552192819,0.0011692944592589915,141.6,9.442304821615167,111.5,112.5,112.5,159.0,0.8040800277372497
0.9108701979421543,0.9210434231667523,0.9078535330046817,0.8985376037371201,0.9160636219886522,76.18702290076335,1.9923664122137406,0.0,0.0,0.0,0.0,0.0,175.5,12.921686746987952,110.0,110.0,113.0,57.0,0.7917526379396901
0.9037856585638713,0.9303835864902023,0.8851657210181998,0.8870492667348774,0.9125895265556692,56.09017881366383,1.987705019114564,0.002951845821453964,0.00034715861637917527,0.0005107621022590165,0.00040302322131375516,0.0003431682874552767,99.675,12.894615384615385,108.0,106.0,151.5,194.0,0.7918932474068797
0.9237687165775401,0.9393780748663102,0.9150828877005348,0.913912834224599,0.9267010695187166,104.96508726270667,1.5688916105327617,0.007853246517462205,0.0006643229682445369,0.0013245197068726482,0.0012337426553112826,0.0011924803591470258,142.59615384615384,10.058657160146282,122.5,123.5,117.5,98.5,0.8396325332430188
0.917083903506754,0.9317382311043382,0.9114438966917806,0.905068262383861,0.9201102739796815,88.95239388952712,1.3695961540451869,0.004121463661432504,0.0004988457590695357,0.0006584764019717871,0.0004509565661988603,0.0005706795483755488,74.11666666666667,11.278863636363637,114.5,110.0,137.5,68.0,0.8328022216943157
0.9132513368983958,0.9352438502673797,0.8987754010695187,0.9032770053475936,0.9157090909090909,98.90562913907284,1.4337748344370862,0.00834736251402918,0.000486895094738232,0.0012213639664620057,0.001394665610351885,0.0013616557734204794,170.5,9.77560975609756,111.0,112.0,115.0,58.0,0.8354111695274444
0.9032399980768764,0.9272405211111295,0.8936605380378053,0.894901766243967,0.897198193449705,87.73976608187135,1.628654970760234,0.008697874655136424,0.0006305410394638931,0.001508509575426276,0.0014686019147007131,0.0015484172361518388,207.6,11.792349726775956,104.0,105.0,115.0,44.0,0.8323878887508264
0.9067962259215355,0.9318443457951665,0.9037216176273009,0.8912266559183125,0.9004351016442915,97.15021459227468,1.4649499284692418,0.009266558820475695,0.0005826518465932177,0.001356860464669137,0.0016122694933127393,0.0016282325576029645,98.0,9.962790697674418,111.0,106.0,115.0,55.0,0.8288939756169286
0.9308280339731165,0.9685398411488959,0.9150492460649655,0.9162274310400066,0.9235600822662491,93.56341184086043,2.2323690019751368,0.004841796937528913,7.183378930601314e-05,0.0001915567714827017,0.00018756600541014544,0.00020352906970037057,209.75,11.649194176269074,150.0,120.5,345.0,95.0,0.812374848853111
0.9306955607378797,0.9689467004025112,0.9139578747196644,0.9166284273297574,0.9233146270631156,93.83915732230984,2.224272853376956,0.004841796937528913,7.183378930601314e-05,0.00018357523933758914,0.00018756600541014544,0.00019953830362781427,226.46666666666664,11.642789968652039,151.0,120.5,345.0,98.0,0.8123973349945669
0.9252111687990765,0.933709376190555,0.9100615963372916,0.9285777033660951,0.9285105261526059,84.7432803528335,1.7051884829824417,0.00739189645789238,0.000754254787713138,0.0010894791378078658,0.0008899408341800517,0.0009138854306153894,80.62307692307692,11.523543123543124,129.5,131.0,119.5,137.5,0.8294747134373266
0.9347887898434257,0.9608814662669163,0.9259557250488326,0.9105085831808928,0.9418539877427423,82.48350827858718,2.13300768466219,0.006324366533483573,0.00055870725015788,0.0008580147055996014,0.0010575530092274156,0.0008141162788014823,99.95,12.547939068100359,151.0,150.0,325.0,198.0,0.8317636317224407
0.9026069698757155,0.9306361912176376,0.8884207153856489,0.8941390464969667,0.897279839601484,97.16851168511685,1.2250922509225093,0.010395945619009124,0.0005347626537225423,0.0018836415862465668,0.0017559370719247656,0.0015723618325871765,71.5,8.50197628458498,107.0,109.0,115.0,51.0,0.8361605521497586
0.7957627175598249,0.8544189263056766,0.7899761262518216,0.7286257609111297,0.810130323794169,95.40697674418605,1.3281653746770026,0.01007757569730583,0.0007182592063017419,0.0019472805148625003,0.001691899463732992,0.0015881509117116293,177.16666666666666,10.125,107.0,108.0,115.0,88.0,0.7815374589873599
0.8722492970946579,0.8870056232427367,0.850854029990628,0.8517350046860356,0.8994025304592315,88.02495840266224,1.545757071547421,0.009023279699971428,0.0006509780945871171,0.0017901897601145722,0.00177210703526493,0.0007865985309594332,58.2,8.914027149321267,103.0,102.0,105.0,96.0,0.753665442402231
0.9146254587451205,0.9657772357588909,0.8958618836490663,0.8838443969036472,0.9131057576039439,93.34857142857143,0.8557142857142858,0.008801634573022887,0.0004549473322714165,0.0016122694933127393,0.0017080478790540902,0.0012052113539119983,116.6,7.148,150.0,129.0,422.0,108.0,0.8315578937398086
0.9159636322842831,0.9675558215037021,0.8921898738101882,0.8960324104217695,0.9081646151779162,93.26052631578948,1.0210526315789474,0.0,0.0,0.0,0.0,0.0,136.8,7.905579399141631,109.0,110.0,411.0,57.0,0.8459051730978989
0.9118837151233513,0.9702796044458432,0.8943839849523042,0.8737967527568495,0.9091743403714383,115.79777365491651,1.7291280148423005,0.0070967999911536,0.00025538105112950823,0.0011891180193217728,0.0014365184126034838,0.001021524204518033,135.875,11.874172185430464,111.0,113.0,426.0,86.0,0.8001457711926077
0.8485793209569935,0.8914871139719431,0.8293672714910976,0.8309705846781443,0.842584390495834,72.4317880794702,1.2079470198675497,0.0,0.0,0.0,0.0,0.0,124.85714285714286,8.52,0.0,1.0,0.0,43.0,0.7744723612828214
0.8894627816122497,0.9100923870732637,0.8832780413191538,0.8745915108672061,0.8899244514722144,95.9385065885798,1.4099560761346999,0.0,0.0,0.0,0.0,0.0,141.75,10.785,110.0,112.0,113.0,42.0,0.7957607114558687
0.917919066478559,0.930053854499677,0.9053152678303826,0.9053912297564051,0.9309366570551576,68.85758240478316,1.8985550853489666,0.007276164241788247,0.0007303101912778002,0.001145349862823654,0.0012012205878394419,0.0008260885770191511,100.375,13.509154807358556,129.5,132.0,120.0,150.5,0.8282108288551842
0.8837807783791273,0.8985481439764125,0.8658801765210471,0.8680412158042146,0.9026788205748302,97.79700528071152,2.249232212340189,0.003548788730020677,0.0004988457590695357,0.0005746703144481051,0.0005706795483755488,0.00028733515722405257,167.95,13.986797877045555,110.5,112.5,85.0,134.5,0.7427067488246264
0.9189429707976281,0.9338354509959632,0.892372723894463,0.9204601758949585,0.929128989636236,112.83986371379898,1.889267461669506,0.0075224377879449696,0.0004144813403688884,0.0013948891262414514,0.0009724369908654689,0.0008449042707519648,265.0,14.708955223880597,111.0,110.0,115.0,231.0,0.7888995813518679
0.8756281816193838,0.9209585314140896,0.8521171157205014,0.8486580059736045,0.8808565611467667,68.84224965706447,1.3072702331961592,0.008169098150522717,0.00026339056078871485,0.00017559370719247657,0.00015164911075713885,0.0006864117644796811,89.44444444444444,10.98421052631579,108.0,112.0,114.0,100.0,0.7778264832870744
0.8812564201053272,0.9152593960676484,0.8725606920286485,0.8540714558852407,0.883192261185006,87.40671641791045,1.0597014925373134,0.010402787504603562,0.0005905686807369878,0.001747764068667572,0.0019233385413191088,0.001628054200950615,42.4,11.737430167597765,107.0,107.0,115.0,100.0,0.795347058088026
0.904949613643425,0.924866657832403,0.895881520065317,0.8938579356959042,0.9052263872094586,118.7167325428195,1.2806324110671936,0.00949802325268396,0.0006465041037541183,0.001285026675363124,0.0012610820789277861,0.0010535622431548594,118.57142857142857,8.8298755186722,111.0,112.0,115.0,75.0,0.8369684433909443
0.848646970884784,0.9065915644068934,0.825741093212427,0.8213783534242195,0.8408901320491616,104.52948557089084,1.2082810539523212,0.0,0.0,0.0,0.0,0.0,49.35294117647059,10.480582524271844,108.0,107.0,113.0,40.0,0.7425394726420597
0.8924040751610487,0.9271784051945471,0.872886243140173,0.8771535464401244,0.8924575491685528,99.92125984251969,1.3412073490813647,0.0,0.0,0.0,0.0,0.0,66.33333333333333,11.409574468085106,109.0,111.0,115.0,53.0,0.8043586010379742
0.8806564779024304,0.9162988024051283,0.8606393203732986,0.8564681321634163,0.8892805837183104,113.79132791327913,1.3821138211382114,0.009769395345617786,0.0006305410394638931,0.0010854883717353098,0.0014606203825556004,0.0014765834468458256,56.6,8.286821705426357,111.0,113.0,115.0,64.0,0.7971658506386953
0.8788411422320538,0.9140481356942903,0.8551028844861976,0.8639961140565735,0.882277617585961,87.03111111111112,1.334814814814815,0.0,0.0,0.0,0.0,0.0,105.0,10.954545454545455,108.0,91.0,113.0,32.0,0.7900347610639905
0.8733627062682374,0.9529078531082804,0.8408137744292521,0.8408248579616041,0.8589846939302804,87.5035765379113,1.2288984263233191,0.009799961798315547,0.0004312063044278179,0.0018446047467189988,0.001796692935115908,0.0014852661596958174,96.0,10.566473988439306,109.0,105.0,408.0,75.0,0.7834090330887923
0.9011674704668693,0.9297085935300061,0.8832263665395467,0.8894841823499623,0.9022995276925144,119.98692810457516,1.1856209150326797,0.009573847808062528,0.00055870725015788,0.001843733925521004,0.0016122694933127393,0.0013249343360886869,67.9090909090909,8.109022556390977,109.0,112.0,115.0,38.0,0.8298935751820067
0.8600118489231283,0.90136717132398,0.8397606424208601,0.8432207856633491,0.8557694891431288,86.25336597307222,1.0966952264381884,0.0,0.0,0.0,0.0,0.0,34.30555555555556,9.584821428571429,110.0,101.0,113.0,54.0,0.7859739670658478
0.8348755371951242,0.8990647413493233,0.8127595365805765,0.8051922818549179,0.8225953141309852,78.23216783216783,1.4223776223776223,0.0,0.0,0.0,0.0,0.0,48.57692307692308,10.96923076923077,110.0,112.0,113.0,62.0,0.7354605340806823
0.8600601029338394,0.9117907250412285,0.8398415726909375,0.830269750414941,0.8584267920021096,112.0958904109589,0.9028642590286425,0.0,0.0,0.0,0.0,0.0,40.86666666666667,9.54954954954955,110.0,97.0,114.0,79.0,0.783143659681
0.9170570211331645,0.9736121233704924,0.8971878584937836,0.8996651474281462,0.8978596306286754,110.70432357043235,1.213389121338912,0.008937320619489802,0.00042302120369096626,0.0016841032826187526,0.001859696989811229,0.0013967681253946999,111.0,8.942028985507246,119.0,120.0,425.0,38.0,0.8343712140516112
0.8764887037366086,0.9375419536086319,0.8573244192118965,0.8450876675922048,0.8661051390633968,103.44981412639405,1.1586121437422552,0.0,0.0,0.0,0.0,0.0,31.0,10.904040404040405,107.0,97.0,114.0,36.0,0.8008794970412292
0.9233247499293046,0.9388075400440609,0.9110511683667669,0.9102832811418059,0.9331834764724728,73.41821946169772,2.3850931677018634,0.006319378075892878,0.0004629288644165291,0.0008620054716721577,0.0010136545824292965,0.000893931600252608,195.0,14.144827586206896,111.0,109.0,115.0,151.0,0.8229396215439062
0.8802899470779119,0.9049357307316427,0.8725276201697,0.8672877975175436,0.8764507694374684,83.59915014164307,1.4079320113314449,0.0,0.0,0.0,0.0,0.0,115.0,11.243386243386244,110.0,110.0,113.0,64.0,0.7961099388703725
0.8941209282897176,0.928369995527654,0.8746028793187197,0.8677570045163757,0.9058123792102026,91.93224932249322,1.165311653116531,0.009528905470269775,0.000606529996432582,0.0015482476224726437,0.0019632418305580946,0.001388634465516701,76.0,12.233532934131736,111.0,107.0,115.0,156.0,0.7887123991096939
0.8744117648578291,0.9197977259683249,0.8590875210858735,0.8510183504738859,0.8677809918464515,91.4306049822064,1.0462633451957295,0.010910150603144706,0.0008214513977513924,0.002001789328500966,0.0019938140722121174,0.0016907543332358756,86.83333333333333,11.580645161290322,108.0,112.0,115.0,50.0,0.7845472894968205
0.8506645374448201,0.8995544218250484,0.8318409656982813,0.8225157349703903,0.8488305997374921,89.80891719745223,1.1987261146496815,0.0,0.0,0.0,0.0,0.0,146.85714285714286,12.648809523809524,106.0,106.0,114.0,76.0,0.7437301605340393
0.9376463744905748,0.9803496548409285,0.9241689546589729,0.9164177020801341,0.9297221834426916,48.94553805774278,0.43503937007874016,0.0,0.0,0.0,0.0,0.0,47.714285714285715,5.354166666666667,55.5,53.0,212.5,48.0,0.37595145657805157
0.8999874893569064,0.9247620960394891,0.8958784195785405,0.8824863836955735,0.8968654078690355,101.21223470661673,1.2421972534332084,0.009899095242975867,0.0006704487001894559,0.0016282325576029645,0.0016042879611676269,0.0016122694933127393,67.83333333333333,9.308695652173913,111.0,104.0,115.0,54.0,0.8321439955987905
0.9129331616307882,0.9289155803283033,0.8941886542853895,0.9049793817629368,0.923676350520365,82.18466353677621,1.541471048513302,0.0,0.0,0.0,0.0,0.0,56.75,11.304347826086957,111.0,111.0,115.0,113.0,0.8413590848127638
0.8178688171186955,0.867481903562969,0.7629853553674594,0.8149040399342696,0.8261887783048605,65.48447204968944,1.6475155279503106,0.008178245937632406,0.0005107662747094159,0.0014125879784932284,0.0015163373780435784,0.0014764337628319054,142.75,10.738916256157635,106.0,106.0,115.0,22.0,0.7808806968056771
0.9364221525233503,0.9401425146179457,0.9227942620324725,0.9373128081108734,0.9454453849254333,98.45421128092494,2.705947550918723,0.005609021714977859,0.0003671504786751783,0.0008181070448740385,0.00031926128580450283,0.0003711412447477345,182.65,12.700124141959982,110.5,112.0,109.5,105.0,0.8283447209300907
0.9367355648115934,0.9478438530088951,0.9341007038104983,0.9203216238282743,0.9446950671255387,111.42709352991623,2.317371079098052,0.006345318055364494,0.0006465041037541183,0.0009098946645428332,0.0012131928860571108,0.0008979223663251642,328.75,12.709239130434781,111.0,112.5,129.5,97.0,0.8315571211137228
0.9222504889231696,0.9363311855029732,0.9145330150166909,0.9127688380409058,0.9253929866989117,101.64835164835165,1.8058608058608059,0.007235258889544545,0.000446965800126304,0.0011014514360255347,0.0014047496575398126,0.001045580711009747,203.6,10.52284263959391,110.0,112.0,115.0,128.0,0.8282511272875093
0.9058222568476385,0.9303918686124133,0.8915460060562842,0.8959156254198576,0.9054775266383489,115.39724137931034,1.3558620689655172,0.009049062069521377,0.0006544856358992308,0.0009976915181390713,0.0015164911075713884,0.0015164911075713884,136.16666666666666,8.72,111.0,113.0,115.0,22.0,0.8349574615138289
0.9258064582834673,0.9403614732238988,0.9102879318719705,0.9207779121322048,0.9318233962732149,114.29145848965672,1.8414148716165517,0.007426815661027248,0.000586642612665774,0.001340897400378912,0.0009019131323977205,0.0010854883717353095,182.75,10.593538477559097,111.0,93.5,132.0,104.5,0.8351050548998854
0.9131084140278429,0.9261648804889765,0.9015378414411062,0.9096869541851405,0.9150662987422359,102.1922059364303,1.5921758273217947,0.008331721867979387,0.0008181070448740385,0.001296998973580793,0.001312962037871018,0.001356860464669137,196.04166666666666,10.253958646070409,109.0,110.5,121.5,110.5,0.8291077640158606
0.9128843080864765,0.9261597041625946,0.9120732955073947,0.9044305956035098,0.9088963300571523,92.50735294117646,1.55,0.00837063183718681,0.000614577975173668,0.001508509575426276,0.0013089712717984617,0.001229155950347336,164.8,9.954337899543379,111.0,112.0,115.0,22.0,0.8306513578932074
0.9286525003450766,0.9381972511636383,0.9205123037650245,0.9205407248938083,0.9353760373712006,98.07424835388424,1.9679044706085078,0.007351988797166817,0.0007622363198582506,0.001045580711009747,0.0010814976056627533,0.0008859500681074955,67.25,11.680037677017019,131.0,132.0,136.0,133.0,0.8332569057618795
0.912554482041282,0.9322139354988322,0.8970969108816751,0.8931809960830517,0.9277596916049153,104.8738019169329,1.6277955271565496,0.008093273595144147,0.0005267811215774297,0.0012052113539119983,0.0011014514360255347,0.0009178761966879456,103.8,11.373626373626374,110.0,111.0,115.0,132.0,0.8342749713799239
0.9286992860144969,0.9619389897467328,0.9150900691408551,0.9165209437881747,0.9213039613886047,105.03392251270348,1.6850979620466497,0.007269180401161274,0.0005068272912146483,0.0011932390556943294,0.0010695253074450846,0.001061543775299972,131.17142857142858,10.95052962595167,112.0,112.0,301.5,97.0,0.8347070133887433
0.9235807786893085,0.9356572278080535,0.918856127078618,0.9154213044781364,0.9244090988951932,123.48878562146106,1.7961280516105078,0.007716146201287577,0.000810125512728926,0.0012052113539119983,0.0011094329681706474,0.0009817284538488462,95.5,10.647957259585166,109.5,111.0,100.0,100.5,0.8334436118508767
0.9229571851673402,0.9371909733150022,0.9162429334738887,0.9222144710052811,0.9162046941369795,94.22094419807834,1.7670223577235773,0.006690519320640612,0.0006305410394638932,0.0012610820789277864,0.0008380608752368199,0.0012012205878394419,397.25,13.076581325301206,121.0,122.0,111.0,74.0,0.8254016482796416
0.9183736112281471,0.9335401103178679,0.9104920472514184,0.913758410070381,0.9157298029123906,102.23519655870936,1.7248191519984073,0.008366641071114253,0.0008181070448740385,0.0011852575235492169,0.0011573221610413228,0.001077506839590197,102.25,10.23601479426722,129.5,130.5,106.0,83.5,0.8317665355770354
0.9188162656971091,0.9261622923257855,0.9060387147448816,0.9105519899957626,0.9325246230324827,109.55035244360903,1.6169877819548872,0.008062345158081836,0.0009059038984702769,0.0011852575235492169,0.0013528696985965808,0.0009498023252683959,150.68571428571428,9.922060409924487,111.0,110.0,90.0,134.0,0.830410371272416
0.8993518763121312,0.9265417170495768,0.8859444599468783,0.8809526762368358,0.904015130375469,109.84595300261097,1.3968668407310705,0.009779372260799177,0.0006544856358992308,0.0018038262647954411,0.0017559370719247656,0.001508509575426276,62.875,8.822314049586776,111.0,111.0,115.0,65.0,0.8301497520196375
0.9108144945622645,0.9247061917145649,0.8935034467077998,0.907087712770905,0.9179843735466469,101.54003014351915,1.38828901786116,0.008623047791275994,0.0005108180572872046,0.0012371374824924485,0.001161312927113879,0.0013089712717984617,123.05,9.363180104883645,109.5,108.5,121.5,116.5,0.833764391753696
0.9096953865194202,0.9401192211492273,0.9019429717132257,0.8912990006097624,0.9054723591603882,80.66558441558442,1.797077922077922,0.0076602754762717905,0.0003751320108202908,0.001356860464669137,0.0015563987682969513,0.0014845649789909383,197.0,12.68639053254438,107.0,113.0,115.0,58.0,0.8235478032226312
0.8680963467603522,0.894798284362385,0.8673092406788059,0.8506415417647302,0.859681964573269,84.42454423822943,2.497324104733644,0.005103301503291939,0.0006257074080568796,0.0008568604632626059,0.0007651963206810248,0.0007094007556313667,145.4375,15.062655472636816,119.5,123.5,134.0,91.0,0.7586155367623805
0.9110672922677505,0.9323091799042587,0.9075093789724986,0.8987350013952191,0.9057519197180623,94.42310855263158,1.1776689593301435,0.010258264189505931,0.0008141162788014823,0.0010695253074450846,0.001552408002224395,0.0015404357040067263,126.16666666666666,10.236803756476684,103.5,99.5,119.5,75.5,0.8381964695693682
0.9096928016758058,0.9398396995246062,0.902735662832398,0.8921216631011069,0.904125714403828,80.01477832512315,1.7832512315270936,0.007678233923598293,0.0003751320108202908,0.0013648419968142497,0.0015404357040067261,0.0013728235289593622,257.75,13.085889570552148,107.0,113.0,115.0,69.0,0.8240984969504105
0.9199975392288791,0.9283927713637343,0.9135393090048471,0.9153897828625761,0.9226826445085212,85.11580219752902,1.9203753076292043,0.007169411249347367,0.0007303101912778002,0.0011772759914041042,0.0011533313949687665,0.0011413590967510978,236.7,12.973414820473643,109.5,112.0,117.0,101.0,0.8267171478816351
0.9105362361471768,0.9274998550628613,0.8971532363914467,0.8995225250364307,0.9179983257371407,92.43587998524447,1.7489190173564255,0.007627351656173201,0.0003791227768928471,0.0003950858411830723,0.0003312335840221717,0.00020751983577292686,108.5,11.566977339181285,109.0,110.0,114.5,113.0,0.8131132071867477
0.9205311801930671,0.9290838109357142,0.9146549674965636,0.9151975526824379,0.9232030095391643,84.1812127024723,1.954342013485236,0.0070796190127148505,0.0007462732555680254,0.001089479137807866,0.0011214052663883162,0.0010655345413725283,259.6666666666667,13.301612903225806,109.5,112.0,116.5,104.5,0.8268681393662698
0.923268012611969,0.9325659256927996,0.9181362973986915,0.9117162227803098,0.9306694984445891,117.93616842464922,1.7299953708296134,0.008270862685372901,0.0007343009573503566,0.0012969989735807928,0.001273054377145455,0.0011932390556943294,129.16666666666669,10.821130797290255,109.5,110.0,121.0,77.0,0.8348989689781638
0.9146745707737937,0.9697806065826308,0.8931985655081182,0.8871278123998801,0.9086854969563555,100.96947674418605,0.940406976744186,0.008586133205104849,0.0003831135429654034,0.00111741450031576,0.0015404357040067261,0.001356860464669137,200.4,8.555023923444976,110.0,89.0,418.0,108.0,0.8303279221077803
0.92201320027937,0.9512581578903778,0.9094518339379283,0.9047737161401006,0.9226190845296045,104.3394754740524,1.2314674657884508,0.008054363625936723,0.0006584764019717871,0.0012531005467826737,0.001229155950347336,0.0011054422020980912,139.29166666666669,9.91458511548332,110.0,108.0,277.5,167.0,0.8318184724532145
0.8967707807209956,0.916483079624323,0.8855186597629161,0.8804162920245144,0.9046987877096704,112.7985405813552,1.2582144963741717,0.010063714343468814,0.0009976915181390713,0.001648186387965746,0.0017000663469089777,0.0012650728450003426,61.9125,8.905580468360737,112.0,112.5,114.5,133.0,0.8060812376890971
0.9168634163464476,0.9352431216975038,0.9036730433344702,0.9079734184933701,0.9205955001601919,122.94227769110765,1.6255850234009361,0.00851030864972628,0.0004948549929969794,0.0015005280432811633,0.0015404357040067261,0.0011972298217668856,212.2,10.845771144278608,111.0,109.0,115.0,22.0,0.8308217462869231
0.9231113710889377,0.9297241225091517,0.9110713215308137,0.9187000692442047,0.9329612749201625,106.22709784360839,1.7091013007289355,0.00796257600626793,0.0008859500681074954,0.0013728235289593622,0.0012251651842747797,0.0010056730502841838,307.6666666666667,10.546138996138996,119.0,120.0,108.5,135.0,0.8362669513558909
0.9232638768621859,0.9355842416060691,0.906714104114346,0.9223173038166992,0.9284609183641832,99.69631918106035,1.7489778603861943,0.007674243157525738,0.0006385225716090057,0.0013049805057259055,0.0011573221610413228,0.0011533313949687665,190.72222222222223,10.308313789868668,111.0,113.0,86.5,87.0,0.8306638211406374
0.8998980537678489,0.9246487344917262,0.8802535164687523,0.8831395529098068,0.9115927200570489,84.3582129565382,1.7291784940810362,0.007337023424394731,0.0006385225716090057,0.0012610820789277861,0.0010735160735176408,0.0009617746234860648,268.0,11.579100122850123,111.0,111.0,133.5,92.5,0.7989882190114623
0.9076993702803987,0.9316973381259214,0.9046703665808865,0.8976074577041929,0.8968633408778511,105.94934876989869,1.5151953690303908,0.009033099005231152,0.00055870725015788,0.0013887865932495874,0.001300989739653349,0.0013728235289593622,68.0,9.519650655021834,111.0,99.0,115.0,22.0,0.8303947696335489
0.8989421785992525,0.9239297427572841,0.878913589433541,0.8902117632468297,0.9027563327442408,89.31386861313868,1.8211678832116789,0.007648303178054121,0.0004629288644165291,0.0014207127218300376,0.0010695253074450846,0.001021636114574409,111.25,13.299363057324841,111.0,113.0,115.0,114.0,0.8293867817744568
0.9067237967914439,0.9364395721925134,0.8776288770053476,0.9042983957219252,0.9085283422459893,100.92553191489361,1.921276595744681,0.006808278867102397,0.0004951475539710833,0.001081072159503532,0.000973790189476464,0.0010975770779692348,65.0,13.986301369863014,111.0,112.0,115.0,21.0,0.7889175765754616
0.9173049076357831,0.9305243825677891,0.9097851362663938,0.9153577444992197,0.913574964602776,92.22695355037362,2.1186962562427247,0.006873096868460063,0.00027935362507894,0.00047490116263419795,0.00027935362507894,0.0003591689465300657,205.66666666666666,14.349600996355921,109.0,113.0,119.0,100.0,0.8112733812602356
0.9150116343811083,0.9243857771115271,0.9057240153370746,0.9041531020370198,0.9257996672144193,115.64492690912499,1.4758046486806142,0.008201024279103165,0.000602605676955999,0.0015444264700792826,0.0011253960324608726,0.0010495714770823031,96.43382352941177,12.453121577217964,112.0,113.0,130.5,121.5,0.8333454405353182
0.926765435264401,0.9391113904026769,0.9168273752312446,0.9204714806891349,0.9306725989313656,106.37434973690505,1.6987323606792635,0.007745079255313611,0.0007662270859308068,0.0013768142950319185,0.0010735160735176408,0.001101451436025535,147.56666666666666,10.20838785046729,109.0,110.5,121.0,89.5,0.8364351486595273
0.9239678590205614,0.9248268001192625,0.9217700679006604,0.9171529263427691,0.9321231099949359,99.75286693112153,1.7001232119245102,0.007356977254757513,0.0006105872091011116,0.0011772759914041042,0.001173285225331548,0.0009897099859939589,146.79166666666669,11.23884469041854,106.0,56.0,55.0,113.5,0.8311710319950587
0.9213234347608735,0.9308929370061785,0.9148616666149919,0.9235295941462809,0.916025899399539,109.3133670281791,1.5981194901607578,0.008269809424274101,0.0007861756335297372,0.0014087309575431333,0.0011213977310754121,0.0013967587397736448,176.03571428571428,10.829865938430984,109.0,108.0,100.0,46.0,0.8354153772311288
0.905030743330884,0.9034305621162022,0.8908625084668642,0.9075283995429186,0.9182987678450474,87.77969143048801,1.6741014030968753,0.0,0.0,0.0,0.0,0.0,84.27622377622379,12.876334771232585,129.5,129.5,74.5,76.5,0.7921227447111392
0.9199400264584592,0.9310119925129615,0.9104682768527992,0.9289657809609442,0.9093329819448319,91.82145043691212,1.6037735849056602,0.008516294798835113,0.0008460424073819325,0.0012411282485650047,0.0009418207931232834,0.0013648419968142495,180.25,10.855415043011543,130.5,131.5,85.5,40.0,0.832637311827722
0.9300297050228163,0.9342637607460536,0.9266517843301398,0.9230087123678418,0.9362018003493215,102.87938810206361,1.8743197774916596,0.0071364874292487775,0.0008181070448740385,0.0010854883717353098,0.0011972298217668856,0.0010056730502841838,157.41666666666666,11.055128205128206,130.5,132.0,109.5,138.5,0.8361846292700768
0.9142155025478803,0.9284108885060708,0.8997121714775886,0.9150244421707541,0.9137387736541304,86.614392735071,1.810487174548601,0.007877772227226108,0.0007781993841484758,0.0013049805057259055,0.0010296176467195217,0.0011573221610413228,124.88636363636363,10.91459781529295,111.5,111.0,86.5,42.0,0.8042960462356847
0.9383300255951215,0.9566482665518212,0.9238980353248794,0.9251289285751196,0.9476761851610703,113.52379532442748,2.229663645038168,0.006428126451370037,0.000363159712602622,0.0011812667574766604,0.0011293867985334289,0.000949802325268396,82.65811965811966,12.783620689655173,111.0,109.0,121.5,146.0,0.8400886954202587
0.9265891489299006,0.9356044292789585,0.9134189067683627,0.9301811717773024,0.9271674986306183,95.92307692307692,1.883629191321499,0.0069159976037400425,0.0005666887823029925,0.001412731189684925,0.0009737469217037337,0.0010934699038804222,124.66666666666667,10.787564766839377,111.0,113.0,115.0,120.0,0.8301706396940012
0.9249892599747822,0.9320710688906926,0.9223834475345962,0.915483830961461,0.9300307981686458,80.32416418180176,2.203519472305051,0.006402186471898421,0.0005507257180127675,0.0008739777698898265,0.0009059038984702769,0.0009857192199214026,193.375,13.403403200360604,115.0,116.0,144.5,157.5,0.8268283200419803
0.9050974666981673,0.9249235974226035,0.8922498165545324,0.8944914684938868,0.9087588751433975,79.20820189274448,1.444794952681388,0.008175084299631551,0.0005986149108834428,0.0015404357040067261,0.0014366757861202627,0.0011653036931864355,165.5,11.440860215053764,111.0,80.0,115.0,66.0,0.8298642803735187
0.917446040097128,0.9166538983949247,0.9011833524530017,0.9126200146756374,0.9393255407765686,110.41758241758242,1.750915750915751,0.006488985633976521,0.00012770451432180113,0.0015484172361518388,0.0012211744182022233,0.0007582455537856942,88.33333333333333,11.481283422459892,111.0,109.0,63.0,98.0,0.8211863495289912
0.9340677477171954,0.9427896879296351,0.9219690158021476,0.9334351326491592,0.938092063787348,118.23365175857577,2.174128606955355,0.0068331892077345,0.0006265502733913368,0.0011094329681706474,0.0009059038984702768,0.0010974606699529785,236.575,12.01500946969697,111.0,111.0,121.5,55.5,0.8344862445493642
0.9295011045036765,0.940284345960809,0.9246070133010883,0.9222754472452175,0.9308560443989706,95.41915278315898,1.878556976193551,0.007055674416279512,0.0006504948698266745,0.001133377564605985,0.0011772759914041044,0.0009897099859939589,177.35714285714286,11.25774619230322,109.0,110.5,133.5,94.0,0.8333472011340021
0.9028677805964062,0.9279507130907224,0.8857067559606858,0.8924048408933536,0.9054516892485454,90.92012288786482,1.4961597542242704,0.007474704853897922,0.00031926128580450283,0.00025540902864360225,0.00023944596435337712,0.00031926128580450283,89.44444444444444,9.519650655021834,103.0,113.0,115.0,22.0,0.8129283080757328
0.9374487231647999,0.9473686662470391,0.9334232474498496,0.9288975702518629,0.9401223658781095,108.04976943612976,2.21556508373109,0.006542860975956031,0.000602605676955999,0.001033608412792078,0.0011413590967510976,0.0009378300270507271,127.8,11.845986694748103,111.0,111.0,121.5,140.5,0.8373292021734667
0.939700509679464,0.9666608346722765,0.9205422751371966,0.9275684949203691,0.9440765200136422,71.11005655142979,2.404348058045241,0.005828513848968455,0.00042701196976352256,0.0011812667574766606,0.0009857192199214026,0.0006983840626973499,136.83333333333334,14.0216548702393,112.0,112.5,343.0,88.0,0.8358403237293845
0.9216108693707922,0.9335287223998276,0.9123001477898697,0.9118671131367624,0.9287678665550492,79.09435809934902,2.0829187367299893,0.007055674416279513,0.0007941624484387008,0.0011653036931864352,0.0010695253074450846,0.0010535622431548594,138.0,13.407473009446694,111.5,112.5,139.0,118.5,0.8328670955784123
0.9097426891575633,0.9270086216892216,0.9022085800804059,0.8986533552434399,0.9111297140317697,63.66887417218543,1.6390728476821192,0.008185061214812942,0.0006065964430285554,0.0011972298217668856,0.001508509575426276,0.0011094329681706474,131.28571428571428,11.565217391304348,111.0,108.0,115.0,66.0,0.8333417205716125
0.9295769696637584,0.9378090266849978,0.9227007306813837,0.9121322047561468,0.9456799884248495,99.82912714400925,1.894310424533236,0.007192358154264566,0.0007502640216405817,0.0011373683306785413,0.001173285225331548,0.0009897099859939589,78.14285714285714,11.078533359018813,110.5,110.0,137.5,201.0,0.8339291713678701
0.9183760668295807,0.934627138858061,0.9108217323453115,0.9158434874275261,0.9122396882977294,98.52341137123746,1.7725752508361203,0.007783989224521035,0.0004709103965616417,0.0014845649789909383,0.0009897099859939589,0.0013967681253946999,46.5,10.23076923076923,110.0,112.0,115.0,52.0,0.8305131962673292
0.9187060221169558,0.9362095418329993,0.901359563451462,0.9016298225488069,0.9356550811810788,114.4735152670024,1.8077389864343723,0.008666946218074113,0.0009019131323977205,0.0013528696985965808,0.0012650728450003426,0.0009258577288330582,120.15714285714284,10.93605853134649,120.0,119.5,118.0,72.0,0.8122983000793633
0.9317928268521827,0.9291707732189296,0.9247284490331649,0.9333803573827758,0.9398872456308973,80.84162895927602,2.23736802413273,0.005430434933230966,0.0005227903555048733,0.0009697561556311774,0.0008340701091642637,0.0008500331734544888,162.2,14.351013424585418,130.5,109.0,124.0,213.0,0.8230269856786925
0.9212465356633459,0.9372323839260572,0.9081320600667638,0.9206461414442068,0.9190028834527021,106.82896882360319,1.7394394659456747,0.008138169713460406,0.0007103563609150189,0.0014087404236123688,0.0011692944592589915,0.0010854883717353095,106.97142857142858,10.72091836734694,110.0,111.0,106.5,82.0,0.8352666012444857
0.9197997986923794,0.9311372596114029,0.9119854483820626,0.917371510660507,0.91872435639062,85.29236499068901,1.9208566108007448,0.007180385856046897,0.000782190150221032,0.0012131928860571108,0.0008979223663251642,0.001161312927113879,127.76785714285714,13.176664852113955,120.5,106.5,91.0,39.0,0.8308377754197349
0.921597169699636,0.9404365299564361,0.9064748498847652,0.9210368027780362,0.9184727002139336,106.34840996415309,1.6990066971472728,0.007727120807987108,0.0005587072501578801,0.0013488789325240245,0.001229155950347336,0.0013329158682337994,199.51666666666665,10.390329963761205,111.0,111.5,115.0,70.0,0.8308024511012452
0.9118190940329919,0.9349408242368025,0.9021269339286268,0.8879918147149103,0.9222563275767629,89.95911949685535,1.4748427672955975,0.008636017781011801,0.0005746703144481051,0.001356860464669137,0.001692084814763865,0.0011014514360255347,110.16666666666667,11.783783783783784,111.0,113.0,115.0,22.0,0.8322054720837232
0.9264727272727273,0.9354614973262032,0.9209085561497325,0.9228197860962567,0.9267010695187166,101.8448312355124,1.7027017339027664,0.007185828877005348,0.0006601967386281112,0.0009160229748465044,0.0008128672344358619,0.0008293721529015648,115.83333333333334,11.726380096657817,111.5,111.5,82.0,80.0,0.8335226274686895
0.9247033762710322,0.939479944841066,0.918622040326998,0.909772217571492,0.9309645614361455,101.47902601140943,1.6310252786936725,0.007164422791756672,0.000530771887649986,0.0012930082075082365,0.0011054422020980912,0.0009059038984702768,127.625,11.149656327615087,148.0,148.0,123.0,124.0,0.8281237162015527
0.9299892522202514,0.9397806894038528,0.918052067507932,0.9274977004723075,0.9346432889963724,93.03853286968041,1.9397416790859414,0.007072635172087877,0.000614577975173668,0.0011094329681706474,0.0010455807110097467,0.0009976915181390713,222.1,11.979542369594725,129.5,131.5,119.0,92.0,0.83193544684522
0.9285554394673567,0.971476371105332,0.9078917723415909,0.9007833896588431,0.9341435938775721,99.32191780821918,1.4160958904109588,0.007514612514623486,0.0003032982215142777,0.0015005280432811633,0.0014207127218300376,0.0009338392609781708,50.81818181818182,9.067357512953368,150.0,151.0,410.0,160.0,0.8355924593772119
0.8973595884715548,0.914764251796236,0.8903289021256353,0.8873346053019374,0.8970403462236494,97.21119562554291,1.5396941889213087,0.0,0.0,0.0,0.0,0.0,198.29166666666669,13.579608655056226,109.5,109.0,111.0,76.0,0.7998443673390546
0.9273152406417112,0.9366192513368984,0.917207486631016,0.9204085561497326,0.9350256684491979,88.23275008535336,2.4354244907249347,0.005734427609427609,0.0006519442793952598,0.0010769459298871063,0.000878886908298673,0.0007674787086551793,192.33333333333334,14.075324180015254,108.0,112.0,117.0,156.0,0.8244648757599782
0.9148220361019939,0.9299922562157328,0.909355202100063,0.9100703810498247,0.909896237042549,113.17862834412489,1.5135866837323695,0.008717828485499205,0.0007143471269875751,0.0014286942539751503,0.0012610820789277864,0.0012012205878394419,131.76666666666665,10.203429634881248,110.5,112.0,87.0,56.5,0.8334089491769094
0.9101069518716578,0.9347347593582888,0.9071422459893048,0.8931839572192514,0.9053668449197861,96.0834813499112,1.6785079928952042,0.007538621509209744,0.0005034000132039348,0.0012048590479963029,0.0014441803657489931,0.0009902951079421667,75.5,14.4822695035461,107.0,112.0,115.0,21.0,0.8246558447875738
0.9307756908899254,0.9434771040731478,0.9220088053824451,0.9261696586364059,0.9314689072851104,98.81927938124883,2.0002593850216943,0.006958898339020023,0.0005507257180127674,0.0011134237342432037,0.0010415899449371904,0.0011413590967510978,58.72222222222223,11.612366737739872,109.0,110.5,121.5,15.5,0.8341044102637951
0.9217989167437382,0.9354475865895877,0.9157949131346955,0.9140400376192396,0.9219364606909952,94.24084870415976,1.6393886850613995,0.007901716823661446,0.0007502640216405817,0.001296998973580793,0.0011972298217668856,0.0012331467164198922,299.25,10.760441519265049,111.5,113.0,139.5,125.5,0.8316070144731478
0.9239095707970573,0.9377174057080386,0.9103659607891772,0.9274103700947716,0.9201681497328413,105.90391304347827,1.8477498093058733,0.007536561728022546,0.0007742086180759194,0.0013528696985965808,0.00100966381635674,0.001173285225331548,215.28571428571428,11.684562841530054,111.0,111.0,121.5,69.0,0.828877361773648
0.9237826549755913,0.937601973629723,0.9096869541851405,0.9195108465362395,0.9283544683181926,105.17256513946288,1.7916218578263639,0.007730113882541525,0.0007462732555680254,0.0014087404236123688,0.0011373683306785413,0.0011493406288962103,141.3,10.398730982767322,110.5,112.0,121.0,76.5,0.8316143988941898
0.936445674600241,0.9443860669858044,0.9334511518308375,0.9271995369939747,0.9407595159106646,109.61625295508274,2.384705336035123,0.006346315746882634,0.0007143471269875751,0.0009817284538488464,0.0009857192199214026,0.00097773768777629,121.15,12.939730678705097,100.0,101.0,111.5,122.0,0.8310728602828743
0.9157666672008676,0.970793096022925,0.9006262983288377,0.887251831870937,0.9044895048522618,101.86608442503639,1.1921397379912664,0.008703860804245258,0.0003831135429654034,0.0013329158682337994,0.0013808050611044747,0.0010615437752999719,89.38461538461539,9.014925373134329,112.0,111.0,425.0,83.0,0.8292810760957733
0.9188356520242169,0.9372101257226152,0.9148265277648591,0.9125946940336299,0.9107426699325127,104.44154177433248,1.7313990402362496,0.008103250510325538,0.0006305410394638932,0.0011692944592589915,0.0009218669627605019,0.0013329158682337994,73.325,10.841359372992418,111.0,111.5,118.5,66.5,0.8316411792592844
0.884293869836581,0.926462001623296,0.8624014303578995,0.8711437695718228,0.8772403600698643,86.87516600265604,1.3333333333333333,0.010582352306178997,0.0006943172327583505,0.0016599768323418036,0.001683918805885195,0.0017637253843631664,178.25,13.547770700636942,107.0,89.0,115.0,72.0,0.7873972122247903
0.9112434493600703,0.9301713571085455,0.8893715313304189,0.899165969057142,0.9262972953420354,84.98003629764065,1.970961887477314,0.00740287106459191,0.0004709103965616417,0.0010296176467195217,0.0012451190146375612,0.000909894664542833,115.125,12.046511627906977,111.0,113.0,115.0,129.0,0.8261897621755577
0.923802558271422,0.9305352528531912,0.9165199102925826,0.9099835674200849,0.9381830113994565,78.6783043366551,2.4584572115472847,0.00629543347945754,0.0006943932966247937,0.0009737469217037337,0.0010415899449371904,0.0006065964430285554,103.55,13.640188959846032,114.5,116.5,110.0,143.5,0.8285489147201606
0.9002891406067042,0.9321549253780789,0.8900402029785343,0.8862173027832037,0.8927986027139594,108.0518697225573,1.2448733413751507,0.009709533854529443,0.0004389842679811914,0.0005986149108834428,0.000726319425205244,0.0005187995894323171,38.333333333333336,8.586345381526105,111.0,113.0,115.0,64.0,0.8371371191936915
0.9136783962826085,0.9294723582693152,0.8966758186358912,0.9078515622980233,0.9207408441528224,109.43959243085881,1.5080058224163027,0.008287590570670073,0.0006467194953991098,0.0014770753907263619,0.001397233477714126,0.0010139922952553944,176.5,8.810126582278482,140.0,140.0,114.0,89.0,0.833911243217672
0.9300011425008776,0.9608053742691027,0.9108511869696876,0.9082343761303857,0.9401662894407755,91.96099075311821,1.7457217981152713,0.005846472296294958,7.582455537856943e-05,0.00019554753755525797,0.0002194921339905957,0.00017559370719247657,128.83333333333331,13.362407571724344,199.5,201.0,355.0,213.5,0.8101702941530484
0.9752004010695188,0.9892128342245989,0.9416620320855615,0.9776550802139037,0.9922716577540107,59.989033772981614,5.813499200639488,0.002244668911335578,0.00013616557734204794,0.0006601967386281112,0.000243447547369116,9.490328117779098e-05,146.5,19.757224515719276,200.5,278.0,365.0,678.5,0.7917216658980645
0.9458821631832453,1.0,0.9375820337126262,0.9171952996620469,0.9288438284810715,97.41627906976744,1.7302325581395348,0.006706482384930838,0.00023146443220826456,0.000909894664542833,0.0012770451432180113,0.0009897099859939589,215.0,9.744047619047619,113.0,113.0,619.0,57.0,0.8369931553606876
0.9374139037433156,0.9430112299465241,0.9334106951871658,0.9310534759358289,0.9421802139037433,91.48376389124277,2.2734789240491002,0.006272900574371162,0.000635439360929557,0.0010480623225721266,0.0009696639598600382,0.0008830131379150987,192.58333333333334,11.705088226346213,110.5,110.0,117.5,136.5,0.8346408517582552
0.9283486519782067,0.970989796425436,0.903357827178867,0.913824037040482,0.9252958381132504,109.08347529812606,1.403747870528109,0.007779998458448479,0.00027935362507894,0.001412731189684925,0.0013408974003789118,0.0012451190146375612,254.33333333333334,9.816666666666666,110.0,109.0,425.0,126.0,0.8336299193469532
0.9043812065326235,0.9320865978698382,0.8819251955890408,0.8868849409357269,0.9166754513791998,92.24447949526814,1.660883280757098,0.00762834934769134,0.00031926128580450283,0.00023944596435337712,0.00033522435009472796,0.0002474274964984897,298.0,12.981707317073171,109.0,112.0,115.0,73.0,0.8057775158679638
0.9264562879681216,0.9311610707127594,0.9185450449053835,0.9127977759174857,0.943329302700524,99.6326164874552,1.8476702508960574,0.007233263506508268,0.000614577975173668,0.0013169528039435742,0.001005673050284184,0.0009418207931232834,164.0,11.226519337016574,111.0,113.0,115.0,170.0,0.8326283444926714
0.885457307947412,0.9047312658395588,0.8765236308767144,0.8742695769902542,0.8863377050196881,90.09460033148946,1.564301075815505,0.008574219275227044,0.0009337369681922645,0.0013008472291909327,0.0012250309796368597,0.0012529632821041497,163.08333333333334,12.815674891146589,78.0,102.0,105.0,103.0,0.7734858740948676
0.8637799465240642,0.8906898395721925,0.8486711229946524,0.8394705882352941,0.8762882352941177,102.64000801300573,1.4434582283552535,0.0,0.0,0.0,0.0,0.0,56.6256157635468,12.540798304486048,108.5,131.5,98.5,75.5,0.7458165858238316
0.930676174410772,0.9426923729936558,0.9161979764156306,0.9213954257485092,0.9424394629956903,90.6579073530293,2.25999511365365,0.006086915952166474,0.0006185687412462242,0.0010655345413725283,0.0009897099859939589,0.0007901716823661446,198.83333333333334,13.671728558797525,129.0,132.0,118.5,141.5,0.8300242710928789
0.9335361746278988,0.9393381134982028,0.925497369753718,0.9278682086420902,0.9414509244618072,89.69501018329939,2.0268005924828736,0.006626667063479712,0.0007941624484387008,0.0010974606699529785,0.0011094329681706474,0.0008540239395270451,206.55,11.725652062186818,126.0,131.5,121.0,129.0,0.8322633479003534
0.9257369259902406,0.9623908830398702,0.9030234913548094,0.9079703180065937,0.9296256678965265,84.69324727788636,1.5884879235586045,0.0066825377884955,0.00012770451432180113,0.000307288987586834,0.00020352906970037057,0.00021151060184548316,85.53571428571428,11.587920190847973,149.0,149.5,322.5,233.0,0.8149251489391098
0.9240108966667407,0.9323371320667209,0.9161261484719767,0.9205045525480834,0.9270899864612078,85.6181581537094,1.9507190247928636,0.007342011881985426,0.0007941624484387008,0.0009298484949056146,0.0008620054716721576,0.0007901716823661446,103.76960784313725,11.365335381464414,130.5,128.5,118.5,69.0,0.8331553733582132
0.9187372987246898,0.9320612338705669,0.8974808544941555,0.9089123492388305,0.9365175332527207,106.04182313670266,1.8129645204193396,0.006702491618858282,0.00033522435009472796,0.00035517818045750944,0.0003272428179496154,0.00021151060184548313,116.35714285714286,12.116257713781957,110.0,112.0,114.5,198.5,0.8065861384010025
0.9079720712817154,0.9317475484918256,0.9006919252989386,0.8993323618474767,0.9001570913300054,90.84720328740633,1.755615180082185,0.007676395267349867,0.0007222495352256404,0.0012769052556475412,0.0010334951912897286,0.0011611857168544828,95.0,13.671209465381246,68.5,61.5,129.0,124.5,0.7811835173236392
0.9386941008182064,0.9637387984297097,0.9280087640426213,0.9125972777726103,0.9504743744767928,78.10522766153441,1.8522338465587578,0.005886379957020521,0.0004908642269244231,0.0009138854306153894,0.0011214052663883162,0.0006864117644796811,358.5,13.313691204756076,110.0,112.0,313.5,252.0,0.8367207528956944
0.9436301181842197,0.9687572468569345,0.9339467129672692,0.927377298235823,0.9444821670335576,76.62039362973441,2.9112869790015363,0.004907106994164262,0.00039903289238985663,0.0008180174293992062,0.0008060464426275104,0.0007022978906061476,120.75,15.86936936936937,149.5,142.0,341.5,190.5,0.8183791385479138
0.9031797712206613,0.9222344958672211,0.9003172831467874,0.8954846577579347,0.8947152202895854,89.56309494859207,1.4727438234888168,0.009220665010641296,0.0008540239395270451,0.0013369066343063556,0.0013847958271770312,0.0014765834468458256,153.33333333333331,9.066312495701808,111.0,112.0,100.0,36.0,0.8071863528795072
0.9177036197633006,0.9240379279786652,0.9141154827974658,0.9170242561415476,0.9156476400128153,99.89501829439911,1.5842949620039404,0.008446456392565378,0.0008819593020349391,0.0013049805057259055,0.0012650728450003426,0.0011932390556943294,132.1,11.758469387755103,111.0,111.0,98.0,45.5,0.8335278311591101
0.9102747792155828,0.9304053270610061,0.8830243181512831,0.8957089263014293,0.9319949565415104,83.89691252144081,1.5391595197255574,0.006721447757702924,0.000307288987586834,0.0005826518465932176,0.00025540902864360225,0.00020352906970037057,113.93333333333334,11.803959131545339,110.0,111.0,137.5,197.0,0.8020214867495916
0.9194425733048726,0.9550979568004505,0.8956727539557043,0.9057064459120081,0.9213540859248235,89.1087204693198,1.89173140954495,0.006781309248791268,0.0005547164840853237,0.0013169528039435742,0.0010575530092274156,0.0009059038984702768,94.96666666666667,11.607318789584799,114.0,97.5,326.5,130.5,0.8022527367794952
0.8784772587247113,0.9027345528287051,0.8447739303328428,0.8686921269398611,0.8977498902574431,70.37361111111112,1.0486111111111112,0.009816837270735753,0.000749772661750283,0.0019063368740246558,0.001659071421745307,0.0012443035663089804,65.05,9.622119815668203,146.0,147.0,72.0,137.0,0.7795646125794065
0.9151116678289847,0.9340722366699243,0.9061906385969264,0.9022261495054723,0.9179900577724036,88.19101123595506,1.743445692883895,0.0069658821796469966,0.00043100273583607885,0.001285026675363124,0.0013408974003789118,0.0009657653895586211,59.0,13.364779874213836,111.0,113.0,115.0,76.0,0.8212421687532961
0.9064821674223889,0.8892193685710026,0.8649123078990069,0.9014355253774842,0.9703319587841959,63.58992204899777,2.6503798877956637,0.004980476058550244,0.00035517818045750944,0.0009059038984702769,0.001077506839590197,0.00048687346085186684,109.16666666666666,14.620701058201059,138.0,136.0,313.5,391.5,0.8225829190045213
0.929279679144385,0.9497700534759358,0.9213005347593582,0.923392513368984,0.922655614973262,92.83689320388349,2.0543689320388347,0.0,0.0,0.0,0.0,0.0,179.71428571428572,12.4125,108.0,153.0,163.0,17.0,0.8345378496020059
0.9115717244990961,0.9346913253051962,0.8952076809392407,0.9089790097045236,0.9074484027325623,118.60402684563758,1.8691275167785235,0.007845846098645658,0.00043100273583607885,0.001173285225331548,0.001077506839590197,0.0010854883717353098,290.75,10.175355450236967,102.0,100.0,115.0,59.0,0.8053965259398955
0.9223711229946524,0.9433326203208556,0.9129668449197861,0.9273347593582888,0.9058502673796791,93.58715596330275,1.981651376146789,0.0,0.0,0.0,0.0,0.0,81.33333333333333,11.895348837209303,111.0,154.0,115.0,16.0,0.8264327556055593
0.9252288770053476,0.9439978609625669,0.9203679144385026,0.9148053475935829,0.921744385026738,79.91633466135458,2.191235059760956,0.0,0.0,0.0,0.0,0.0,310.0,15.266666666666667,111.0,156.0,115.0,1.0,0.8253486771795128
0.9271813366019542,0.9378147206440178,0.9154931324217902,0.9311609255986523,0.9242747444682149,105.78966789667896,1.918819188191882,0.006848154580506586,0.0005108180572872045,0.001045580711009747,0.0009577838574135085,0.0011972298217668856,185.8,11.473684210526315,111.0,113.0,115.0,22.0,0.8277156904830006
0.9257991978609625,0.943585026737968,0.9262609625668449,0.9194010695187166,0.9139497326203209,84.37586206896552,1.8862068965517242,0.0,0.0,0.0,0.0,0.0,88.0,12.987179487179487,150.0,192.0,128.0,6.0,0.828059706973189
0.7762829832922638,0.8001171763731,0.7503476429752423,0.7517457547703295,0.802962101260778,81.6800731261426,1.4661791590493602,0.008515293833795774,0.000490866962573474,0.0015058800038270984,0.0013727635394003934,0.0009068559139069266,426.5,15.34351145038168,3.0,92.0,80.0,42.0,0.7325150833266565
0.9030114236027205,0.9217995169082126,0.8793127296750485,0.898478467319047,0.9124870969073867,111.4859287054409,1.9418386491557222,0.006928613559916466,0.0005021600854469225,0.001076057325957691,0.0008927290407945289,0.0008927290407945289,43.03333333333333,14.680851063829786,111.0,107.0,115.0,131.0,0.7774992347467276
0.9245621145675065,0.9416747072269799,0.9060738535950144,0.9209784102770802,0.9295507394660962,113.10116923525695,1.5405318683455687,0.00815413277775063,0.000670448700189456,0.0016042879611676266,0.0012371374824924485,0.0013728235289593622,126.8,10.26522825769057,110.5,76.5,136.5,184.0,0.8360049118800175
0.919081987620667,0.9301558281293998,0.9172381897291209,0.9181714362488244,0.910781426017218,81.77705109489051,1.9083430656934306,0.007320062668586367,0.0007781993841484757,0.0009458115591958397,0.001101451436025535,0.0011932390556943294,147.63333333333333,14.045666023975187,109.5,113.0,111.0,37.5,0.8240971711943826
0.8770778873293714,0.9089233771722647,0.8562323876298468,0.8587390964886428,0.8844711247615059,95.97931034482758,1.6055172413793104,0.0,0.0,0.0,0.0,0.0,66.2,12.53448275862069,110.0,111.0,114.0,19.0,0.7678751576401784
0.8742974994355166,0.9189953509186286,0.8537556682747245,0.8518559883351172,0.8726593967973278,105.23675310033822,0.9210822998872604,0.010944546097979443,0.0006068105077121559,0.0020918993818498004,0.0018843063134219577,0.001860353267064899,332.5,11.213541666666666,108.0,112.0,115.0,46.0,0.7872929566183503
0.9012912844759979,0.9244918918023555,0.8968220010541655,0.8911481102533098,0.8927427939519837,94.10445205479452,1.8578767123287672,0.007821044690841189,0.000598549338584785,0.0011731567036261784,0.0013646924919733096,0.0012449826242563527,79.6,12.674418604651162,111.0,112.0,115.0,22.0,0.7815793414639288
0.9125686986811612,0.9229943805800799,0.9059503508717535,0.9072654740127533,0.9140824109385174,107.07206152660058,1.6434414091697576,0.008687897739955033,0.0009059038984702768,0.00125709131285523,0.0012650728450003426,0.0011253960324608726,156.875,10.66778868630201,107.5,110.0,80.5,40.0,0.8225217015354868
0.8897729946524064,0.9291743315508021,0.8705390374331551,0.8790053475935828,0.8803732620320855,110.29419191919192,1.10479797979798,0.010053558460421205,0.00042087542087542086,0.0017495213573644945,0.0014854426619132501,0.0012461213441605599,95.75,10.25257731958763,111.0,112.0,115.0,62.0,0.8124279087911501
0.8990352196824913,0.9648314811592041,0.8705135961034328,0.8750828713256926,0.8857844581982514,99.85551948051948,1.577922077922078,0.0,0.0,0.0,0.0,0.0,68.0,11.005988023952096,111.0,112.0,412.0,67.0,0.7942323845756036
0.8319510695187166,0.8680491978609626,0.7708823529411765,0.8601176470588235,0.8287550802139038,100.89112903225806,1.217741935483871,0.009715207631874298,0.0005199049316696376,0.0016174820096388723,0.0018320459496930085,0.001823793490460157,161.0,13.130718954248366,105.0,108.0,115.0,54.0,0.7750782471392438
0.9020130717739321,0.9684997683806499,0.8648282340311326,0.8751827077914034,0.8996552293653743,109.2434017595308,1.065982404692082,0.008504838272569306,0.00029491941526247825,0.0012832979961421352,0.0013390935611917933,0.000964466195858375,83.66666666666667,8.99492385786802,108.0,113.0,423.0,107.0,0.8123422028231155
0.7663774398985087,0.8370275049278627,0.72843766471336,0.740381773271737,0.7597835860230057,104.11811023622047,1.295275590551181,0.0,0.0,0.0,0.0,0.0,56.888888888888886,10.679802955665025,83.0,77.0,80.0,56.0,0.6772036389175452
0.7908080117588423,0.8528837149557882,0.7583435452763947,0.7462856965579289,0.8058252025584149,88.14993481095176,1.3702737940026075,0.01067087167408531,0.0006946246432064512,0.0016527275993532804,0.0017006327471606219,0.001796443042775305,181.0,13.76923076923077,94.0,95.0,115.0,52.0,0.7701998129059255
0.9655068128723144,0.9706227948849613,0.9436708729937267,0.9666103411568949,0.9811319877220723,85.77820972075226,2.1335789302287713,0.003350248117911002,0.00034719664831239685,0.0007582455537856943,0.0003751320108202908,0.00019953830362781427,80.66666666666666,14.351757772810405,150.0,85.0,325.5,842.0,0.8300389245459752
0.8087687985576609,0.87237870832022,0.7490548682809868,0.7988034403935664,0.8149298773240732,96.6063829787234,1.3085106382978724,0.010459246320325745,0.0005669833851827661,0.0016530360666596137,0.0019245492370288256,0.0015332508444379025,83.375,11.865168539325843,106.0,109.0,115.0,85.0,0.7785681672054093
0.9068830766669785,0.93409915356711,0.8920947922157112,0.8928864498392914,0.9084984342541779,103.91111111111111,1.2638888888888888,0.009053052835593933,0.0005187995894323171,0.0011413590967510976,0.0014686019147007131,0.0012211744182022233,105.0,8.933333333333334,111.0,113.0,115.0,54.0,0.8341944843120953
0.8325202276937043,0.8685409799407,0.836856519806943,0.8223658781095299,0.8023791068531093,88.13571428571429,1.8642857142857143,0.006427128759851898,0.0003032982215142777,0.0002474274964984897,0.00020751983577292683,0.00019953830362781427,48.61538461538461,8.92436974789916,97.0,92.0,115.0,78.0,0.7989448201673491
0.9130135502671953,0.9369482036076925,0.8915708099504955,0.9206440744530224,0.9029320269949048,110.05100182149363,1.336976320582878,0.007456746406571419,0.0003591689465300657,0.0016042879611676269,0.0009897099859939589,0.0013329158682337994,127.66666666666667,9.772727272727273,108.0,113.0,115.0,52.0,0.7861855686246668
0.9325110256504371,0.947445793510129,0.9117425769179095,0.9239812317200468,0.9469000299713721,51.873111782477345,2.02416918429003,0.0049685037603325755,0.00033522435009472796,0.0009019131323977206,0.0008300793430917073,0.0005187995894323171,64.6,14.369127516778523,111.0,113.0,115.0,60.0,0.8079708907527399
0.9323737704545138,0.9278782445213761,0.9373133248586695,0.9179859237900351,0.9463099039882595,63.06989247311828,2.3225806451612905,0.005160060531815277,0.00040705813940074113,0.0006943932966247937,0.0011014514360255347,0.0007662270859308068,48.0,14.363013698630137,111.0,113.0,115.0,104.0,0.8004953386794421
0.8998840602163864,0.9666640844888579,0.7823967774420947,0.9274077516977819,0.9230676272368116,94.21034482758621,1.9551724137931035,0.003607035527913989,1.59515114556727e-05,0.000638060458226908,0.0005503271452207082,0.0007018665040495988,41.38461538461539,11.523809523809524,114.0,126.0,438.0,58.0,0.7906707934754779
0.9065106856126177,0.8098538149814782,0.9273478420483865,0.9330934173039436,0.9555824426967803,108.82575757575758,3.0416666666666665,0.0039821154114852595,3.9920956506117886e-05,0.0008463242779296992,0.0007425297910137927,0.0004231621389648496,182.5,16.43243243243243,0.0,1.0,0.0,156.0,0.7986059570197624
0.9272069265537366,0.9403583674280698,0.9086730950092498,0.9182525656528074,0.9415661592203309,83.65458937198068,2.2753623188405796,0.005926287617746084,0.00040705813940074113,0.0012451190146375612,0.0011812667574766604,0.000782190150221032,56.5,12.968944099378882,111.0,113.0,115.0,114.0,0.8019529435179086
0.8805754388032271,0.9187584345479083,0.865198215107471,0.8501807126126545,0.8881514425111856,93.13224181360202,0.9483627204030227,0.0107168713290646,0.0006942425954047805,0.0016757579889080908,0.0018193943879573557,0.0017475761884327232,127.63636363636364,11.565934065934066,111.0,112.0,115.0,80.0,0.7865096155858078
0.9157607128345551,0.928372241420746,0.9081235360727193,0.9044834307992202,0.9220852012140578,109.30232558139535,1.551937984496124,0.00843929020539332,0.0005509091997844269,0.0016527275993532804,0.0013573125212080082,0.0008622926605321463,33.92,9.458715596330276,139.0,131.0,114.0,105.0,0.8366518451557359
0.9040888607198376,0.9299228934422157,0.8943509130933557,0.8896857139904298,0.9024400830930456,118.43034825870647,1.2860696517412935,0.009607769319679257,0.0005187995894323171,0.0010535622431548594,0.0014047496575398126,0.0010695253074450846,108.6,8.014925373134329,110.0,110.0,115.0,48.0,0.8335841874586878
0.8994835007321763,0.9698553619879557,0.8707791403443578,0.8637567612205294,0.8936630331557868,86.9971590909091,1.1164772727272727,0.009062793923065887,0.00028694862025538425,0.0012115608410782892,0.0016658961564826476,0.0011637360710357251,211.0,12.344827586206897,149.0,153.0,421.0,107.0,0.7863253571105973
0.9124180022984429,0.9359740189826241,0.8939974576008434,0.9007771886852902,0.9189636106202007,107.36390532544378,1.297337278106509,0.009059038984702767,0.0004629288644165291,0.0014446573182653754,0.0014686019147007131,0.0012371374824924485,151.25,9.423423423423424,112.0,113.0,110.0,67.0,0.8367868519315158
0.9172139211405571,0.9740262294810422,0.8872838702342934,0.8977366446532106,0.9099060552506744,106.45648854961831,1.2244274809160305,0.0083806087523682,0.00039907660725562854,0.001229155950347336,0.0017399740076345404,0.00111741450031576,160.6,8.666666666666666,111.0,112.0,436.0,64.0,0.8300389777480646
0.8865199371572821,0.9219575624057909,0.8589361196374498,0.8770605318368317,0.8881861118862328,97.26070038910505,1.4033722438391698,0.010165362933631598,0.000606529996432582,0.0018355513049933404,0.0016679574901896006,0.001572189596016035,165.83333333333334,12.11111111111111,106.0,98.0,115.0,22.0,0.7870702327785106
0.9179767084911596,0.9218286718788822,0.9030643144306989,0.9234448475077254,0.9235755847001312,75.7019617200844,1.9124384607655984,0.007680229306634571,0.0009338392609781708,0.0012969989735807928,0.0010136545824292965,0.000949802325268396,110.79166666666666,11.468143424511943,110.5,101.5,85.0,62.5,0.8356317177884311
0.911116275054243,0.9316424690662736,0.8980621957647351,0.8995080560981408,0.9152874667989541,90.9434250764526,1.5382262996941896,0.008699870038172703,0.0006465041037541183,0.0013249343360886869,0.001300989739653349,0.0010535622431548594,42.0,8.9581589958159,111.0,95.0,115.0,55.0,0.8360948548750865
0.8796006690518515,0.920721146276177,0.8612168499645814,0.8814525260986241,0.8550824452820823,96.081490104773,1.0337601862630965,0.010828773040586992,0.0006147948564978422,0.002036008940349997,0.0017086506401368601,0.0020839150330641144,101.625,10.301435406698564,110.0,108.0,115.0,47.0,0.7891671722429521
0.8803755054015477,0.9234048632621623,0.8532425924203433,0.8625006459347451,0.8824274744468215,85.78787878787878,1.3926218708827405,0.009872073757725053,0.000662394601367162,0.0017717060422109633,0.0016200735431028178,0.001628054200950615,117.75,13.053892215568862,106.0,103.0,115.0,22.0,0.7808194363024182
0.8785173378110717,0.9207665359671763,0.8629485114992361,0.8629216730666006,0.8675048515628225,95.37020648967551,1.4616519174041298,0.00933778635081063,0.0005738972405107685,0.0015622758213904254,0.0013869183312343572,0.001171706866042819,93.0,13.053892215568862,107.0,111.0,115.0,22.0,0.7885528273646143
0.892098288161468,0.9301268407016614,0.8802498992341797,0.8836718031397596,0.8744096156429892,85.13597733711048,1.4220963172804533,0.0094650602074874,0.0006384526278237706,0.0017238220951241805,0.0014604603861468751,0.0016120928852550206,206.66666666666666,11.823204419889503,110.0,106.0,115.0,58.0,0.7895222536613329
0.9046200460825919,0.9315720710274801,0.8938982420239978,0.8936264326832646,0.899429510433138,121.13395225464191,1.220159151193634,0.009440157144631893,0.0006465041037541183,0.0018038262647954411,0.0014845649789909383,0.0014925465111360508,188.8,8.92468619246862,111.0,107.0,115.0,68.0,0.831924186820172
0.9089827451349366,0.9322066886418976,0.8946857656652094,0.8941504149484802,0.914927810332889,108.05790960451978,1.4675141242937852,0.009162798902589232,0.0006704487001894559,0.0016042879611676269,0.0015244726397165011,0.0009976915181390713,152.42857142857142,9.680365296803654,109.0,108.0,115.0,77.0,0.8364886075870078
0.8974010948363613,0.9409805618591708,0.8710424870037929,0.8758296385865915,0.9018261867113136,97.3958904109589,1.5383561643835617,0.010778986731796043,0.00027935174795472897,0.00024742583390275995,0.00020751844133779868,0.00033522209754567475,237.0,13.292682926829269,111.0,113.0,115.0,22.0,0.7940518370452948
0.9026405728427025,0.9266887247188219,0.8960768507322316,0.8858049380419393,0.902032885829742,86.59893048128342,1.7789661319073085,0.006506944081303024,0.00028733515722405257,0.00027137209293382744,0.00040705813940074113,0.000223482900063152,149.2,9.168831168831169,111.0,113.0,115.0,84.0,0.8105550517343977
0.8782717011838067,0.9213809196468503,0.8592926756167385,0.8580917537386703,0.8743951467046993,93.34913793103448,1.4224137931034482,0.009145833893575513,0.0004469168394766394,0.0015881509117116293,0.0016360348587984121,0.0014604603861468751,164.25,11.683060109289617,104.0,108.0,115.0,61.0,0.782052025367061
0.8762366538062081,0.9152221265176989,0.8599468783265639,0.8604295207680939,0.8694147314461704,90.91594202898551,1.463768115942029,0.009109920933260426,0.0006304719699759734,0.001500363675385861,0.0015482476224726437,0.0014844023596902666,37.0,11.725274725274724,105.0,108.0,115.0,65.0,0.7799518451541515
0.900484097862412,0.9246135088548011,0.8824721692235304,0.8812710378953573,0.9136209223323561,94.1539299422525,1.4767482739144968,0.009466794608219753,0.0008025414239781401,0.0016010901045534038,0.0017408361236540748,0.0013575327569779485,110.3,11.387691761993437,110.0,104.0,136.0,82.0,0.7840203126689402
0.8822248379421819,0.913037938492902,0.8653522991091049,0.8667886929229942,0.8837730932104798,92.51960784313725,1.2205882352941178,0.010852276569017834,0.0006627954048774689,0.0018765893993518698,0.001988386214632407,0.0018446474521288591,58.0,10.186915887850468,109.0,109.0,115.0,22.0,0.7835123377334482
0.8961933266575439,0.9184987411174239,0.8736815179983257,0.8754007379158528,0.9172304385121798,87.27208737864078,1.6423008664787555,0.00807044024858485,0.0007102785484539448,0.0015123346621575566,0.001324789202734324,0.0010893597962243085,86.0,12.368390402981596,105.5,108.0,140.5,187.0,0.7844713348248767
0.8990802139037433,0.9280053475935829,0.9024802139037433,0.8740096256684492,0.8918256684491979,113.20863309352518,1.2863309352517986,0.009735838779956428,0.00042087542087542086,0.0015267049580775071,0.0012543738033934113,0.0012791311810919654,61.0,10.421875,111.0,112.0,115.0,57.0,0.8168076911820836
0.8677060403215732,0.9158493482170235,0.8490111219693797,0.8554723088298406,0.8505736785228618,112.56202804746493,0.9687162891046386,0.011575309652048659,0.0008463409712827438,0.0022436020087778395,0.001892290662207644,0.0019881028476358793,68.66666666666667,12.252808988764045,90.0,91.0,115.0,21.0,0.7909783173528918
0.8999350170315346,0.9233996869357805,0.8941958887545345,0.8813950123502723,0.9007895906323959,125.51812080536912,1.457718120805369,0.009781367643835456,0.0007901716823661445,0.001356860464669137,0.0016282325576029645,0.001452638850410488,57.625,9.004237288135593,111.0,111.0,115.0,77.0,0.8343657347036304
0.8853293026761299,0.9298929302472052,0.8550472851743269,0.866698724411973,0.8897544480121613,100.59295774647887,1.2422535211267605,0.009479231122377692,0.0005429250084832033,0.0016926485558593984,0.0016527275993532804,0.0013333599473043375,192.33333333333334,12.081395348837209,107.0,106.0,114.0,115.0,0.7902236637582112
0.9065912478229154,0.9298700949131206,0.8917589061482653,0.9034766791719633,0.9012991039593217,73.1470588235294,1.5603715170278638,0.007636330879836452,0.000502836525142092,0.0012770451432180113,0.0005267811215774297,0.0005267811215774297,136.0,10.737623762376238,110.0,110.0,115.0,33.0,0.8299316204925394
0.9024048351050713,0.9597457802587335,0.8679978089893446,0.8817701712502196,0.9002035986316519,66.18356164383562,1.2986301369863014,0.009540875843485477,0.0006703752161043747,0.002035067620316852,0.001596131466915178,0.0013966150335507808,204.66666666666666,10.522222222222222,91.0,81.0,389.0,35.0,0.8022350442849885
0.803947624864748,0.8660459906246376,0.7537148999059519,0.7520685414276708,0.8440672185533129,58.0595041322314,1.6066115702479338,0.007771165579292458,0.0006304719699759734,0.0015881509117116293,0.001516324991081455,0.0011013307829960042,35.95238095238095,10.039800995024876,96.0,97.0,115.0,184.0,0.7663400423849465
